model,factor,fom_forest_built,fom_overall,seed
CLUE-S,1,0.07723394701392,0.0629933753818078,1
CLUE-S,2,0.114960599166089,0.0823132294928631,1
CLUE-S,4,0.183322619181238,0.119422401457005,1
CLUE-S,8,0.285337333120512,0.168488993786426,1
CLUE-S,16,0.373211192885881,0.204859223828678,1
CLUE-S,32,0.469034438413857,0.252829064919596,1
CLUE-S,64,0.569930875525085,0.29142893775242,1
CLUE-S,128,0.704838777539694,0.360541754182661,1
CLUE-S,256,0.776734698117026,0.379059515062454,1
Ordered,1,0.0675041089457619,0.0629624646845144,1
Ordered,2,0.107734407269723,0.0918986811806569,1
Ordered,4,0.187697750303567,0.152190162954103,1
Ordered,8,0.304988816260248,0.247064743374707,1
Ordered,16,0.422736524222588,0.35866731047803,1
Ordered,32,0.537356209735467,0.46554347826087,1
Ordered,64,0.605529254154944,0.544553286911365,1
Ordered,128,0.64496310340697,0.626785714285715,1
Ordered,256,0.66056405227741,0.6580704280665,1
CLUE-S,1,0.0774451986202292,0.0630369120935154,2
CLUE-S,2,0.115620429472216,0.082535211267606,2
CLUE-S,4,0.185090692795129,0.120251258443403,2
CLUE-S,8,0.286975521864056,0.169129642068899,2
CLUE-S,16,0.37181956322998,0.204559023066487,2
CLUE-S,32,0.469804254270044,0.253102625298329,2
CLUE-S,64,0.571232161582862,0.29319876574955,2
CLUE-S,128,0.709798278046074,0.362468239564429,2
CLUE-S,256,0.768706724835558,0.377710799088437,2
Ordered,1,0.0662608288457036,0.0614765100671145,2
Ordered,2,0.107132183967271,0.0909344296564708,2
Ordered,4,0.184874091642099,0.150985663082437,2
Ordered,8,0.300520124826799,0.243869779897899,2
Ordered,16,0.416671378076007,0.354773384763741,2
Ordered,32,0.536198888337121,0.464898935014128,2
Ordered,64,0.606906664433563,0.542628356099859,2
Ordered,128,0.642239760140392,0.622583926754833,2
Ordered,256,0.658302808331439,0.655469873219187,2
CLUE-S,1,0.07756049055353,0.0624044529810677,3
CLUE-S,2,0.115567399084157,0.082133955133875,3
CLUE-S,4,0.183625021470371,0.119170316928627,3
CLUE-S,8,0.28404032373368,0.16735240646828,3
CLUE-S,16,0.369923553371931,0.203521659284865,3
CLUE-S,32,0.467772141829684,0.251081481481481,3
CLUE-S,64,0.568581475741008,0.290567724631203,3
CLUE-S,128,0.702174597159187,0.358024691358024,3
CLUE-S,256,0.775211304058091,0.376362971094036,3
Ordered,1,0.0669737774627924,0.0611639355317286,3
Ordered,2,0.109552987194025,0.092839125560538,3
Ordered,4,0.192795252996383,0.156917293233081,3
Ordered,8,0.316272809769882,0.257917019475023,3
Ordered,16,0.441663036486841,0.372839988284682,3
Ordered,32,0.568928978961922,0.490626378473754,3
Ordered,64,0.640514236499783,0.578053481088895,3
Ordered,128,0.68330937885312,0.663109954456733,3
Ordered,256,0.689760907712723,0.688190653707894,3
CLUE-S,1,0.0776418242491657,0.062751848519228,4
CLUE-S,2,0.114809440897659,0.0818790869338471,4
CLUE-S,4,0.18344724529804,0.1191088260497,4
CLUE-S,8,0.284846603500837,0.167533769271157,4
CLUE-S,16,0.371449149424765,0.203536960155282,4
CLUE-S,32,0.469385992158363,0.251553346351854,4
CLUE-S,64,0.568804909867997,0.289611217335883,4
CLUE-S,128,0.70536057074349,0.358434820206096,4
CLUE-S,256,0.7758631232573,0.375848725998393,4
Ordered,1,0.066315172817809,0.0620675757372203,4
Ordered,2,0.105520600562255,0.090706423296642,4
Ordered,4,0.183894105898886,0.149742594941431,4
Ordered,8,0.300326832051216,0.243430962343097,4
Ordered,16,0.413310063721322,0.351769911504426,4
Ordered,32,0.525348423337991,0.458667823822956,4
Ordered,64,0.599139211201631,0.536889097744362,4
Ordered,128,0.632271250198519,0.613924050632912,4
Ordered,256,0.649127461824218,0.646431821136097,4
CLUE-S,1,0.0780958648678294,0.0632596685082873,5
CLUE-S,2,0.117730469273957,0.0835664760977984,5
CLUE-S,4,0.188559012772843,0.122244924575056,5
CLUE-S,8,0.291173748857989,0.172266251762532,5
CLUE-S,16,0.377991063654553,0.209396047256266,5
CLUE-S,32,0.475971448292205,0.259229973845873,5
CLUE-S,64,0.578354681458773,0.300608280463078,5
CLUE-S,128,0.711766701583215,0.368886269888037,5
CLUE-S,256,0.769617579272455,0.384730203746548,5
Ordered,1,0.0652969654032354,0.060338434571564,5
Ordered,2,0.108359938020611,0.0925147182506297,5
Ordered,4,0.192910451172213,0.157613602166717,5
Ordered,8,0.319359594637072,0.259645552446367,5
Ordered,16,0.446575714255578,0.377029935433379,5
Ordered,32,0.573164507975144,0.493601059135039,5
Ordered,64,0.644594419791292,0.584038694074971,5
Ordered,128,0.697489090985897,0.675219269537898,5
Ordered,256,0.699609827792485,0.697192513368985,5
