ensemble,id_lulc_anterior,id_lulc_posterior,observed,simulated,hits,figure_of_merit,figure_of_merit_null
logistic regression <U+00D7> CLUMPY,1,2,2183,2183.8,135.15,0.0319378965651696,0.0237639649125566
logistic regression <U+00D7> CLUMPY,1,3,423,423.85,4.35,0.00516320474777448,0.00452188984678987
logistic regression <U+00D7> CLUMPY,2,1,8,0,0,0,0
logistic regression <U+00D7> CLUMPY,2,3,134,134.25,0.35,0.00130645763344532,0.00166477867486047
logistic regression <U+00D7> CLUMPY,3,1,944,945.7,40.4,0.0218461039312172,0.0183753497618639
logistic regression <U+00D7> CLUMPY,3,2,1064,1064.4,57.95,0.027989084498539,0.0207447170354372
logistic regression <U+00D7> Dinamica,1,2,2183,2182,155.5,0.0369402541869581,0.0237539373062708
logistic regression <U+00D7> Dinamica,1,3,423,422,5.9,0.0070313431057085,0.00451197844514563
logistic regression <U+00D7> Dinamica,2,1,8,0,0,0,0
logistic regression <U+00D7> Dinamica,2,3,134,133,0.55,0.00206417714392944,0.00165699297149362
logistic regression <U+00D7> Dinamica,3,1,944,943,52.5,0.0286181520850368,0.0183487078143401
logistic regression <U+00D7> Dinamica,3,2,1064,1063,89.85,0.0441057359546425,0.0207307874202763
random forest <U+00D7> CLUMPY,1,2,2183,2183.65,140.65,0.0332820634169427,0.023763129911585
random forest <U+00D7> CLUMPY,1,3,423,425.6,4.45,0.0052715749570574,0.00453098510421492
random forest <U+00D7> CLUMPY,2,1,8,0,0,0,0
random forest <U+00D7> CLUMPY,2,3,134,134.05,0.75,0.00280583613916947,0.00166354229629987
random forest <U+00D7> CLUMPY,3,1,944,944.6,40.55,0.0219420470225373,0.0183645480060666
random forest <U+00D7> CLUMPY,3,2,1064,1065.35,80.05,0.0390621187722637,0.020754143473168
random forest <U+00D7> Dinamica,1,2,2183,2182,149.05,0.0353538348414948,0.0237539373062708
random forest <U+00D7> Dinamica,1,3,423,422,6.45,0.00769184902510286,0.00451197844514563
random forest <U+00D7> Dinamica,2,1,8,0,0,0,0
random forest <U+00D7> Dinamica,2,3,134,133,1,0.0037593984962406,0.00165699297149362
random forest <U+00D7> Dinamica,3,1,944,943,48.55,0.0264081155321058,0.0183487078143401
random forest <U+00D7> Dinamica,3,2,1064,1063,109.65,0.054353483530374,0.0207307874202763
Weights of Evidence <U+00D7> Dinamica,1,2,2183,2182,127.4,0.0300641872758165,0.0237539373062708
Weights of Evidence <U+00D7> Dinamica,1,3,423,422,5.45,0.00649157286641653,0.00451197844514563
Weights of Evidence <U+00D7> Dinamica,2,1,8,0,0,0,0
Weights of Evidence <U+00D7> Dinamica,2,3,134,133,0.4,0.00150037509377344,0.00165699297149362
Weights of Evidence <U+00D7> Dinamica,3,1,944,943,51.2,0.027889748338599,0.0183487078143401
Weights of Evidence <U+00D7> Dinamica,3,2,1064,1063,83.85,0.0410395712502753,0.0207307874202763
Weights of Evidence <U+00D7> CLUMPY,1,2,2183,2183.9,123.4,0.0290797690585602,0.0237645211652669
Weights of Evidence <U+00D7> CLUMPY,1,3,423,424.25,3.5,0.00414814814814815,0.00452402469715035
Weights of Evidence <U+00D7> CLUMPY,2,1,8,0,0,0,0
Weights of Evidence <U+00D7> CLUMPY,2,3,134,134.3,0.35,0.00130621384586677,0.00166508605196777
Weights of Evidence <U+00D7> CLUMPY,3,1,944,945,36.6,0.0197581515871302,0.0183685022688324
Weights of Evidence <U+00D7> CLUMPY,3,2,1064,1065.15,61.95,0.029968072755418,0.0207521683076012
GLM suitability (lulcc) <U+00D7> CLUE-S,1,2,2183,4051.85,259.95,0.0435070043013272,0.0311027506589879
GLM suitability (lulcc) <U+00D7> CLUE-S,1,3,423,3683.75,51,0.012574739567281,0.00813328486411947
GLM suitability (lulcc) <U+00D7> CLUE-S,2,1,8,2614.05,0,0,0.000197699340313852
GLM suitability (lulcc) <U+00D7> CLUE-S,2,3,134,1196,1,0.000752445447705041,0.00299529563798205
GLM suitability (lulcc) <U+00D7> CLUE-S,3,1,944,3467.95,151,0.0354381065255401,0.029167379814758
GLM suitability (lulcc) <U+00D7> CLUE-S,3,2,1064,2815.8,238,0.0653522983140205,0.0303901579319231
GLM suitability (lulcc) <U+00D7> Ordered,1,2,2183,2450,134.5,0.0298988551739469,0.0251631796890997
GLM suitability (lulcc) <U+00D7> Ordered,1,3,423,0,0,0,0
GLM suitability (lulcc) <U+00D7> Ordered,2,1,8,0,0,0,0
GLM suitability (lulcc) <U+00D7> Ordered,2,3,134,0,0,0,0
GLM suitability (lulcc) <U+00D7> Ordered,3,1,944,796,22.15,0.0128940245073784,0.0167705973474291
GLM suitability (lulcc) <U+00D7> Ordered,3,2,1064,655,81.2,0.0495787031383563,0.0157279169294184
GLM suitability (lulcc) <U+00D7> CLUMPY,1,2,2183,2184.9,124.8,0.0294124578727817,0.0237700866787036
GLM suitability (lulcc) <U+00D7> CLUMPY,1,3,423,424.85,5.65,0.00670862028021848,0.00452713219309093
GLM suitability (lulcc) <U+00D7> CLUMPY,2,1,8,0,0,0,0
GLM suitability (lulcc) <U+00D7> CLUMPY,2,3,134,134.25,0.55,0.00205453866268211,0.00166477638481668
GLM suitability (lulcc) <U+00D7> CLUMPY,3,1,944,944.95,34.75,0.0187412361126092,0.0183679992175566
GLM suitability (lulcc) <U+00D7> CLUMPY,3,2,1064,1064.85,61.65,0.0298229489164087,0.020749179132547
logistic suitability (CLUinPy) <U+00D7> CLUMondo,1,2,2183,1615,95,0.025654874426141,0.0201346738055715
logistic suitability (CLUinPy) <U+00D7> CLUMondo,1,3,423,103,3,0.00573613766730402,0.001764303057773
logistic suitability (CLUinPy) <U+00D7> CLUMondo,2,1,8,0,0,0,0
logistic suitability (CLUinPy) <U+00D7> CLUMondo,2,3,134,0,0,0,0
logistic suitability (CLUinPy) <U+00D7> CLUMondo,3,1,944,45,0,0,0.00164323038979761
logistic suitability (CLUinPy) <U+00D7> CLUMondo,3,2,1064,1485.15,153,0.0638524299396949,0.0242504553203737
logistic suitability (CLUinPy) <U+00D7> CLUMPY,1,2,2183,2184,124.55,0.0293580360404955,0.0237650775423834
logistic suitability (CLUinPy) <U+00D7> CLUMPY,1,3,423,425.25,5.55,0.00658597365610538,0.00452931997030979
logistic suitability (CLUinPy) <U+00D7> CLUMPY,2,1,8,0,0,0,0
logistic suitability (CLUinPy) <U+00D7> CLUMPY,2,3,134,134.45,0.65,0.00242718446601942,0.00166601049864282
logistic suitability (CLUinPy) <U+00D7> CLUMPY,3,1,944,945.6,32.25,0.0173634479231163,0.0183744124320661
logistic suitability (CLUinPy) <U+00D7> CLUMPY,3,2,1064,1065.25,59.25,0.0286231884057971,0.0207531567969177
