ensemble,brier,brier_fair,brier_skill,brier_fair_skill,figure_of_merit
GLM suitability (lulcc) × CLUE-S,0.363251675281562,0.363242707386626,-3.56819758857158,-3.56808480969454,0.0328520007873794
GLM suitability (lulcc) × CLUMPY,0.0849135722022137,0.0811049466166936,-0.067860115085451,-0.0199634214169109,0.0248311557843817
GLM suitability (lulcc) × Ordered,0.137039528719741,0.136762390641503,-0.723388183003612,-0.719902936859249,0.0285940984473711
Weights of Evidence × CLUMPY,0.0833314988156354,0.0794451213492905,-0.0479642018073949,0.000910287639280249,0.0249218801214955
Weights of Evidence × Dinamica,0.0894005089685901,0.0859012641719389,-0.124287146565336,-0.0802811784455928,0.0286421324671192
logistic regression × CLUMPY,0.0833307503324146,0.0794748289495698,-0.0479547889967269,0.000536689395436496,0.0260903853315516
logistic regression × Dinamica,0.0912051900707097,0.0878877803509946,-0.146982540474953,-0.105263302510917,0.0327684177393436
logistic suitability (CLUinPy) × CLUMPY,0.0843644056602943,0.0805128801680681,-0.0609538805289933,-0.0125176841858605,0.0242424572961888
logistic suitability (CLUinPy) × CLUMondo,0.130166031189736,0.130165913008175,-0.636948127861994,-0.636946641628731,0.0328441603475462
random forest × CLUMPY,0.0837694935850585,0.0799945960901832,-0.0534723571323081,-0.00599982278039368,0.0294546034153929
random forest × Dinamica,0.0893312522564568,0.0859454316338207,-0.12341618473119,-0.0808366217004806,0.0345775727097199
