tool,estimator,allocator,ensemble,hits,wrong_hits,misses,false_alarms,fom_sd,fom_min,fom_max,figure_of_merit_null,figure_of_merit,producers_accuracy,users_accuracy,skill_over_null,quantity,allocation,total,gross_change,1->2,3->2
lulcc,GLM suitability (lulcc),CLUE-S,GLM suitability (lulcc) <U+00D7> CLUE-S,700.95,547.85,3507.2,16580.6,2.24279127058093e-05,0.032805323835411,0.0328944285647345,0.021474184667905,0.0328520007873794,0.147382253994954,0.0393142786633314,1.52983693189896,0.000420471456372232,0.181290561186302,0.181711032642674,17829.4,0.205224098038707,0.167182223618697
crossing,GLM suitability (lulcc),CLUMPY,GLM suitability (lulcc) <U+00D7> CLUMPY,227.4,124.55,4404.05,4401.85,0.00181188323782309,0.0215217391304348,0.0289791437980242,0.0198712959322541,0.0248311557843817,0.0478132884777124,0.0478354158778241,1.24959921431581,0.000108309924887503,0.0785304192386605,0.078638729163548,4753.8,0.208410326641106,0.14318345429871
lulcc,GLM suitability (lulcc),Ordered,GLM suitability (lulcc) <U+00D7> Ordered,237.85,101,4417.15,3562.15,0.000439685076056178,0.0276276276276276,0.0293480875631465,0.0200997186434472,0.0285940984473711,0.0500105130361648,0.0609715457574981,1.42261187604699,1.38777878078145e-18,0.0711525761031322,0.0711525761031322,3901,0.210378907276284,0.166932526919088
crossing,Weights of Evidence,CLUMPY,Weights of Evidence <U+00D7> CLUMPY,225.8,126.35,4403.85,4400.45,0.00191502564128451,0.0209759808716444,0.0278600416803773,0.0198696639730844,0.0246602122001431,0.0474768713204374,0.0475108361738838,1.24109860305378,9.15791234821259e-05,0.0785489111770559,0.078640490300538,4752.6,0.203844848360422,0.143061993950146
Dinamica,Weights of Evidence,Dinamica,Weights of Evidence <U+00D7> Dinamica,266.25,130,4359.75,4346.75,0.00206739776533342,0.0253012048192771,0.0337413165729408,0.0198596142043067,0.0292494026530444,0.0559819175777965,0.056135357368754,1.4728082002067,6.16397946514288e-05,0.0777497952678249,0.0778114350624763,4743,0.210873857403909,0.159728873615315
evoland,logistic regression,CLUMPY,logistic regression <U+00D7> CLUMPY,238.2,140,4377.8,4373.8,0.0017454464414979,0.0225013653741125,0.0293858683689192,0.0198694055484763,0.0260903853315516,0.0500841042893188,0.0501262626262626,1.31309340221064,8.89374179970613e-05,0.0782076908852355,0.0782966283032326,4752,0.208199112547903,0.137442694239137
evoland,logistic regression,Dinamica,logistic regression <U+00D7> Dinamica,304.35,146.75,4304.9,4291.9,0.00241556634848139,0.0306302335830762,0.0395366967368304,0.0198596142043067,0.0336376396732944,0.0639928511354079,0.064168247944339,1.69377105351824,6.16397946514267e-05,0.0769313068517034,0.0769929466463549,4743,0.196550703949347,0.168760666123691
crossing,logistic suitability (CLUinPy),CLUMPY,logistic suitability (CLUinPy) <U+00D7> CLUMPY,222.25,120.5,4413.25,4411.8,0.00239428442069385,0.0202305851642375,0.0282708744247206,0.0198700278831917,0.0242424572961888,0.0467304457527334,0.0467446971848019,1.22005149860388,0.000100825092679835,0.0786708699136162,0.0787716950062961,4754.55,0.211929841513293,0.140869834735698
CLUinPy,logistic suitability (CLUinPy),CLUMondo,logistic suitability (CLUinPy) <U+00D7> CLUMondo,251,111,4394,2886.15,1.57433125773891e-06,0.0328405076540625,0.0328448050248626,0.0176941092463959,0.0328441603475462,0.0527754415475189,0.0772747563997968,1.85622004985846,0.000210015586062356,0.0648741227336368,0.0650841383196992,3248.15,0.15097984685507,0.19831741699399
evoland,random forest,CLUMPY,random forest <U+00D7> CLUMPY,266.7,143.55,4345.75,4343.35,0.00229053796198129,0.0246305418719212,0.0320158975491278,0.019873842219352,0.0293097858638254,0.0560765349032801,0.0561048468529115,1.47479211821886,9.9504239937312e-05,0.0776780289354807,0.077777533175418,4753.6,0.220296530778026,0.166227378001885
evoland,random forest,Dinamica,random forest <U+00D7> Dinamica,309.35,150.85,4295.8,4282.8,0.00289732789438257,0.0286091549295775,0.0385255912068391,0.0198596142043067,0.0342246758419259,0.0650441547518923,0.0652224330592452,1.72333034719799,6.1639794651433e-05,0.0768071466939056,0.076868786488557,4743,0.223190356665255,0.19486359626093
