id_run,hits,wrong_hits,misses,false_alarms,figure_of_merit,producers_accuracy,users_accuracy,figure_of_merit_null,tool,estimator,allocator,id_run_parent,offset,maps,ensemble,member,y
1001,239,114,4403,4399,0.0261059530311305,0.0502523128679563,0.0502946127946128,0.0198743834143059,evoland,logistic regression,CLUMPY,1000,0,,logistic regression <U+00D7> CLUMPY,1,0.74
1002,208,153,4395,4390,0.0227421823748087,0.0437342304457527,0.0437802567880446,0.0198720466070955,evoland,logistic regression,CLUMPY,1000,0,,logistic regression <U+00D7> CLUMPY,2,0.74
1003,256,153,4347,4340,0.0281442392260334,0.0538267451640034,0.0539060854916825,0.0198623270969865,evoland,logistic regression,CLUMPY,1000,0,,logistic regression <U+00D7> CLUMPY,3,0.74
1004,235,123,4398,4394,0.0256830601092896,0.0494112699747687,0.049452861952862,0.0198598730330489,evoland,logistic regression,CLUMPY,1000,0,,logistic regression <U+00D7> CLUMPY,4,0.74
1005,233,149,4374,4368,0.0255370451556335,0.0489907485281749,0.0490526315789474,0.0198701233649225,evoland,logistic regression,CLUMPY,1000,0,,logistic regression <U+00D7> CLUMPY,5,0.74
1006,238,146,4372,4366,0.0260907695680772,0.0500420521446594,0.0501052631578947,0.0198660588426709,evoland,logistic regression,CLUMPY,1000,0,,logistic regression <U+00D7> CLUMPY,6,0.74
1007,231,181,4344,4344,0.0253846153846154,0.0485702270815812,0.0485702270815812,0.0198678191337031,evoland,logistic regression,CLUMPY,1000,0,,logistic regression <U+00D7> CLUMPY,7,0.74
1008,258,157,4341,4335,0.028379716202838,0.0542472666105971,0.0543157894736842,0.0198701233649225,evoland,logistic regression,CLUMPY,1000,0,,logistic regression <U+00D7> CLUMPY,8,0.74
1009,235,132,4389,4389,0.0256971022416621,0.0494112699747687,0.0494112699747687,0.0198765162292314,evoland,logistic regression,CLUMPY,1000,0,,logistic regression <U+00D7> CLUMPY,9,0.74
1010,206,145,4405,4399,0.0225013653741125,0.043313708999159,0.0433684210526316,0.0198679645711478,evoland,logistic regression,CLUMPY,1000,0,,logistic regression <U+00D7> CLUMPY,10,0.74
1011,230,126,4400,4395,0.0251338651513496,0.0483599663582843,0.0484108608713955,0.0198714650818739,evoland,logistic regression,CLUMPY,1000,0,,logistic regression <U+00D7> CLUMPY,11,0.74
1012,235,108,4413,4407,0.0256466222852777,0.0494112699747687,0.0494736842105263,0.0198619943204193,evoland,logistic regression,CLUMPY,1000,0,,logistic regression <U+00D7> CLUMPY,12,0.74
1013,243,128,4385,4384,0.0265864332603939,0.0510933557611438,0.0511041009463722,0.0198691246735946,evoland,logistic regression,CLUMPY,1000,0,,logistic regression <U+00D7> CLUMPY,13,0.74
1014,221,131,4404,4399,0.0241398143091207,0.0464676198486123,0.0465165228372974,0.0198674009577894,evoland,logistic regression,CLUMPY,1000,0,,logistic regression <U+00D7> CLUMPY,14,0.74
1015,244,140,4372,4366,0.0267485200613901,0.0513036164844407,0.0513684210526316,0.0198695417769377,evoland,logistic regression,CLUMPY,1000,0,,logistic regression <U+00D7> CLUMPY,15,0.74
1016,258,133,4365,4360,0.0283018867924528,0.0542472666105971,0.0543043569774784,0.0198629600341589,evoland,logistic regression,CLUMPY,1000,0,,logistic regression <U+00D7> CLUMPY,16,0.74
1017,248,148,4360,4352,0.0272288098375055,0.0521446593776283,0.0522325189553496,0.0198641164784985,evoland,logistic regression,CLUMPY,1000,0,,logistic regression <U+00D7> CLUMPY,17,0.74
1018,267,155,4334,4330,0.0293858683689192,0.0561396131202691,0.0561868686868687,0.019870256913972,evoland,logistic regression,CLUMPY,1000,0,,logistic regression <U+00D7> CLUMPY,18,0.74
1019,235,145,4376,4388,0.0256999125109361,0.0494112699747687,0.0492869127516779,0.0198998985957482,evoland,logistic regression,CLUMPY,1000,0,,logistic regression <U+00D7> CLUMPY,19,0.74
1020,244,133,4379,4371,0.0267338665497973,0.0513036164844407,0.0513900589721988,0.0198641164784985,evoland,logistic regression,CLUMPY,1000,0,,logistic regression <U+00D7> CLUMPY,20,0.74
1501,285,149,4322,4309,0.0314396028681743,0.0599243061396131,0.0600885515496521,0.0198596142043067,evoland,logistic regression,Dinamica,1000,500,,logistic regression <U+00D7> Dinamica,1,0.87
1502,316,171,4269,4256,0.0350643586329339,0.0664423885618167,0.0666244992620704,0.0198596142043067,evoland,logistic regression,Dinamica,1000,500,,logistic regression <U+00D7> Dinamica,2,0.87
1503,304,137,4315,4302,0.0335614926032237,0.063919259882254,0.0640944549862956,0.0198596142043067,evoland,logistic regression,Dinamica,1000,500,,logistic regression <U+00D7> Dinamica,3,0.87
1504,324,159,4273,4260,0.0359361135758651,0.0681244743481918,0.0683111954459203,0.0198596142043067,evoland,logistic regression,Dinamica,1000,500,,logistic regression <U+00D7> Dinamica,4,0.87
1505,317,167,4272,4259,0.0351636161952302,0.0666526492851135,0.0668353362850517,0.0198596142043067,evoland,logistic regression,Dinamica,1000,500,,logistic regression <U+00D7> Dinamica,5,0.87
1506,308,132,4316,4303,0.0339993376752401,0.0647603027754416,0.0649378030782205,0.0198596142043067,evoland,logistic regression,Dinamica,1000,500,,logistic regression <U+00D7> Dinamica,6,0.87
1507,328,151,4277,4264,0.0363636363636364,0.0689655172413793,0.0691545435378452,0.0198596142043067,evoland,logistic regression,Dinamica,1000,500,,logistic regression <U+00D7> Dinamica,7,0.87
1508,305,151,4300,4287,0.0337277452172951,0.0641295206055509,0.0643052920092768,0.0198596142043067,evoland,logistic regression,Dinamica,1000,500,,logistic regression <U+00D7> Dinamica,8,0.87
1509,311,191,4254,4241,0.0345670779148605,0.0653910849453322,0.0655703141471642,0.0198596142043067,evoland,logistic regression,Dinamica,1000,500,,logistic regression <U+00D7> Dinamica,9,0.87
1510,298,137,4321,4308,0.0328773168578994,0.0626576955424727,0.0628294328484082,0.0198596142043067,evoland,logistic regression,Dinamica,1000,500,,logistic regression <U+00D7> Dinamica,10,0.87
1511,269,156,4331,4318,0.0296451399603262,0.0565601345668629,0.0567151591819524,0.0198596142043067,evoland,logistic regression,Dinamica,1000,500,,logistic regression <U+00D7> Dinamica,11,0.87
1512,288,172,4296,4283,0.031861931629605,0.0605550883095038,0.0607210626185958,0.0198596142043067,evoland,logistic regression,Dinamica,1000,500,,logistic regression <U+00D7> Dinamica,12,0.87
1513,341,151,4264,4251,0.0378594426557122,0.0716989066442389,0.0718954248366013,0.0198596142043067,evoland,logistic regression,Dinamica,1000,500,,logistic regression <U+00D7> Dinamica,13,0.87
1514,281,144,4331,4318,0.030967599735508,0.0590832632464256,0.0592452034577272,0.0198596142043067,evoland,logistic regression,Dinamica,1000,500,,logistic regression <U+00D7> Dinamica,14,0.87
1515,309,159,4288,4275,0.0342154800132876,0.0649705634987384,0.0651486401012018,0.0198596142043067,evoland,logistic regression,Dinamica,1000,500,,logistic regression <U+00D7> Dinamica,15,0.87
1516,308,132,4316,4303,0.0339993376752401,0.0647603027754416,0.0649378030782205,0.0198596142043067,evoland,logistic regression,Dinamica,1000,500,,logistic regression <U+00D7> Dinamica,16,0.87
1517,285,162,4309,4296,0.0314847547503314,0.0599243061396131,0.0600885515496521,0.0198596142043067,evoland,logistic regression,Dinamica,1000,500,,logistic regression <U+00D7> Dinamica,17,0.87
1518,291,134,4331,4318,0.0320696495481596,0.0611858704793945,0.0613535736875395,0.0198596142043067,evoland,logistic regression,Dinamica,1000,500,,logistic regression <U+00D7> Dinamica,18,0.87
1519,324,120,4312,4299,0.0357813362782993,0.0681244743481918,0.0683111954459203,0.0198596142043067,evoland,logistic regression,Dinamica,1000,500,,logistic regression <U+00D7> Dinamica,19,0.87
1520,294,146,4316,4303,0.0324539132354565,0.0618166526492851,0.0619860847564832,0.0198596142043067,evoland,logistic regression,Dinamica,1000,500,,logistic regression <U+00D7> Dinamica,20,0.87
2001,259,162,4335,4328,0.0285116688683399,0.054457527333894,0.0545377974310381,0.0198665385752772,evoland,random forest,CLUMPY,2000,0,,random forest <U+00D7> CLUMPY,1,1.74
2002,259,124,4373,4373,0.0283711249863074,0.054457527333894,0.054457527333894,0.0198740303850806,evoland,random forest,CLUMPY,2000,0,,random forest <U+00D7> CLUMPY,2,1.74
2003,295,132,4329,4325,0.0324854090959146,0.062026913372582,0.0620791245791246,0.0198669212320393,evoland,random forest,CLUMPY,2000,0,,random forest <U+00D7> CLUMPY,3,1.74
2004,252,157,4347,4343,0.0276953511374876,0.0529857022708158,0.053030303030303,0.0198738019514466,evoland,random forest,CLUMPY,2000,0,,random forest <U+00D7> CLUMPY,4,1.74
2005,278,130,4348,4347,0.0305393826211139,0.0584524810765349,0.0584647739221872,0.0198741822587221,evoland,random forest,CLUMPY,2000,0,,random forest <U+00D7> CLUMPY,5,1.74
2006,258,118,4380,4375,0.0282553937137225,0.0542472666105971,0.0543043569774784,0.0198644161330548,evoland,random forest,CLUMPY,2000,0,,random forest <U+00D7> CLUMPY,6,1.74
2007,240,145,4371,4366,0.0263100197325148,0.0504625735912532,0.0505156809092823,0.0198649976732255,evoland,random forest,CLUMPY,2000,0,,random forest <U+00D7> CLUMPY,7,1.74
2008,258,121,4377,4371,0.0282677769256053,0.0542472666105971,0.0543157894736842,0.0198689601862641,evoland,random forest,CLUMPY,2000,0,,random forest <U+00D7> CLUMPY,8,1.74
2009,282,150,4324,4318,0.0310778047167732,0.0592935239697225,0.0593684210526316,0.0198701233649225,evoland,random forest,CLUMPY,2000,0,,random forest <U+00D7> CLUMPY,9,1.74
2010,255,147,4354,4350,0.0280035141664836,0.0536164844407065,0.0536616161616162,0.0198699057563983,evoland,random forest,CLUMPY,2000,0,,random forest <U+00D7> CLUMPY,10,1.74
2011,240,158,4358,4363,0.0263186752933436,0.0504625735912532,0.0504095778197858,0.0198886912197418,evoland,random forest,CLUMPY,2000,0,,random forest <U+00D7> CLUMPY,11,1.74
2012,244,143,4369,4368,0.0267426567295046,0.0513036164844407,0.0513144058885384,0.0198594461292578,evoland,random forest,CLUMPY,2000,0,,random forest <U+00D7> CLUMPY,12,1.74
2013,275,145,4336,4329,0.0302696752889378,0.0578216989066442,0.0579069277742683,0.0198660407177923,evoland,random forest,CLUMPY,2000,0,,random forest <U+00D7> CLUMPY,13,1.74
2014,277,145,4334,4327,0.0304965319828251,0.058242220353238,0.058328069067172,0.0198630552905868,evoland,random forest,CLUMPY,2000,0,,random forest <U+00D7> CLUMPY,14,1.74
2015,281,169,4306,4299,0.0310325786858089,0.0590832632464256,0.0591703516529796,0.019867120229879,evoland,random forest,CLUMPY,2000,0,,random forest <U+00D7> CLUMPY,15,1.74
2016,256,155,4345,4340,0.0281442392260334,0.0538267451640034,0.0538833929699011,0.0198684802477453,evoland,random forest,CLUMPY,2000,0,,random forest <U+00D7> CLUMPY,16,1.74
2017,302,129,4325,4320,0.0332745702952843,0.0634987384356602,0.0635655651441802,0.0198690617785221,evoland,random forest,CLUMPY,2000,0,,random forest <U+00D7> CLUMPY,17,1.74
2018,304,144,4308,4333,0.0334470238750138,0.063919259882254,0.0635850240535453,0.019836155512291,evoland,random forest,CLUMPY,2000,0,,random forest <U+00D7> CLUMPY,18,1.74
2019,266,157,4333,4326,0.0292887029288703,0.0559293523969723,0.0560117919562013,0.0198660407177923,evoland,random forest,CLUMPY,2000,0,,random forest <U+00D7> CLUMPY,19,1.74
2020,248,136,4372,4368,0.027181060938185,0.0521446593776283,0.0521885521885522,0.0198749648744773,evoland,random forest,CLUMPY,2000,0,,random forest <U+00D7> CLUMPY,20,1.74
2501,298,145,4313,4300,0.0329063604240283,0.0626576955424727,0.0628294328484082,0.0198596142043067,evoland,random forest,Dinamica,2000,500,,random forest <U+00D7> Dinamica,1,1.87
2502,272,156,4328,4315,0.0299856686142652,0.0571909167367536,0.0573476702508961,0.0198596142043067,evoland,random forest,Dinamica,2000,500,,random forest <U+00D7> Dinamica,2,1.87
2503,319,139,4298,4285,0.0352837075544741,0.0670731707317073,0.0672570103310141,0.0198596142043067,evoland,random forest,Dinamica,2000,500,,random forest <U+00D7> Dinamica,3,1.87
2504,337,173,4246,4233,0.0374902658805206,0.0708578637510513,0.0710520767446764,0.0198596142043067,evoland,random forest,Dinamica,2000,500,,random forest <U+00D7> Dinamica,4,1.87
2505,299,165,4292,4279,0.0330935251798561,0.0628679562657695,0.0630402698713894,0.0198596142043067,evoland,random forest,Dinamica,2000,500,,random forest <U+00D7> Dinamica,5,1.87
2506,307,119,4330,4317,0.0338366582166869,0.0645500420521447,0.0647269660552393,0.0198596142043067,evoland,random forest,Dinamica,2000,500,,random forest <U+00D7> Dinamica,6,1.87
2507,319,144,4293,4280,0.035303231518371,0.0670731707317073,0.0672570103310141,0.0198596142043067,evoland,random forest,Dinamica,2000,500,,random forest <U+00D7> Dinamica,7,1.87
2508,323,156,4277,4264,0.0358093126385809,0.0679142136248949,0.0681003584229391,0.0198596142043067,evoland,random forest,Dinamica,2000,500,,random forest <U+00D7> Dinamica,8,1.87
2509,309,158,4289,4276,0.0342116917626218,0.0649705634987384,0.0651486401012018,0.0198596142043067,evoland,random forest,Dinamica,2000,500,,random forest <U+00D7> Dinamica,9,1.87
2510,352,155,4249,4236,0.0391459074733096,0.0740117746005046,0.0742146320893949,0.0198596142043067,evoland,random forest,Dinamica,2000,500,,random forest <U+00D7> Dinamica,10,1.87
2511,310,160,4286,4273,0.0343338132683575,0.0651808242220353,0.065359477124183,0.0198596142043067,evoland,random forest,Dinamica,2000,500,,random forest <U+00D7> Dinamica,11,1.87
2512,306,167,4283,4270,0.0339020607134944,0.0643397813288478,0.0645161290322581,0.0198596142043067,evoland,random forest,Dinamica,2000,500,,random forest <U+00D7> Dinamica,12,1.87
2513,336,163,4257,4244,0.0373333333333333,0.0706476030277544,0.0708412397216951,0.0198596142043067,evoland,random forest,Dinamica,2000,500,,random forest <U+00D7> Dinamica,13,1.87
2514,319,137,4300,4287,0.0352759040141546,0.0670731707317073,0.0672570103310141,0.0198596142043067,evoland,random forest,Dinamica,2000,500,,random forest <U+00D7> Dinamica,14,1.87
2515,298,161,4297,4284,0.0329646017699115,0.0626576955424727,0.0628294328484082,0.0198596142043067,evoland,random forest,Dinamica,2000,500,,random forest <U+00D7> Dinamica,15,1.87
2516,275,133,4348,4335,0.030249697503025,0.0578216989066442,0.0579801813198398,0.0198596142043067,evoland,random forest,Dinamica,2000,500,,random forest <U+00D7> Dinamica,16,1.87
2517,325,136,4295,4282,0.0359592830272184,0.0683347350714886,0.0685220324689015,0.0198596142043067,evoland,random forest,Dinamica,2000,500,,random forest <U+00D7> Dinamica,17,1.87
2518,311,132,4313,4300,0.0343418727915194,0.0653910849453322,0.0655703141471642,0.0198596142043067,evoland,random forest,Dinamica,2000,500,,random forest <U+00D7> Dinamica,18,1.87
2519,345,120,4291,4278,0.0381890635377463,0.0725399495374264,0.0727387729285263,0.0198596142043067,evoland,random forest,Dinamica,2000,500,,random forest <U+00D7> Dinamica,19,1.87
2520,334,148,4274,4261,0.0370411445048242,0.0702270815811606,0.0704195656757327,0.0198596142043067,evoland,random forest,Dinamica,2000,500,,random forest <U+00D7> Dinamica,20,1.87
3001,290,109,4357,4344,0.0318681318681319,0.0609756097560976,0.0611427366645583,0.0198596142043067,Dinamica,Weights of Evidence,Dinamica,3000,0,dinamica-native,Weights of Evidence <U+00D7> Dinamica,1,2.87
3002,253,138,4365,4352,0.0277777777777778,0.0531959629941127,0.0533417668142526,0.0198596142043067,Dinamica,Weights of Evidence,Dinamica,3000,0,dinamica-native,Weights of Evidence <U+00D7> Dinamica,2,2.87
3003,281,105,4370,4357,0.0308350707780094,0.0590832632464256,0.0592452034577272,0.0198596142043067,Dinamica,Weights of Evidence,Dinamica,3000,0,dinamica-native,Weights of Evidence <U+00D7> Dinamica,3,2.87
3004,281,105,4370,4357,0.0308350707780094,0.0590832632464256,0.0592452034577272,0.0198596142043067,Dinamica,Weights of Evidence,Dinamica,3000,0,dinamica-native,Weights of Evidence <U+00D7> Dinamica,4,2.87
3005,244,103,4409,4396,0.0266608391608392,0.0513036164844407,0.0514442336074215,0.0198596142043067,Dinamica,Weights of Evidence,Dinamica,3000,0,dinamica-native,Weights of Evidence <U+00D7> Dinamica,5,2.87
3006,254,116,4386,4373,0.0278234198707416,0.0534062237174096,0.0535526038372338,0.0198596142043067,Dinamica,Weights of Evidence,Dinamica,3000,0,dinamica-native,Weights of Evidence <U+00D7> Dinamica,6,2.87
3007,246,113,4397,4384,0.0269146608315099,0.0517241379310345,0.0518659076533839,0.0198596142043067,Dinamica,Weights of Evidence,Dinamica,3000,0,dinamica-native,Weights of Evidence <U+00D7> Dinamica,7,2.87
3008,266,146,4344,4331,0.0292725872125014,0.0559293523969723,0.0560826481130086,0.0198596142043067,Dinamica,Weights of Evidence,Dinamica,3000,0,dinamica-native,Weights of Evidence <U+00D7> Dinamica,8,2.87
3009,266,146,4344,4331,0.0292725872125014,0.0559293523969723,0.0560826481130086,0.0198596142043067,Dinamica,Weights of Evidence,Dinamica,3000,0,dinamica-native,Weights of Evidence <U+00D7> Dinamica,9,2.87
3010,277,122,4357,4344,0.0304395604395604,0.058242220353238,0.0584018553658022,0.0198596142043067,Dinamica,Weights of Evidence,Dinamica,3000,0,dinamica-native,Weights of Evidence <U+00D7> Dinamica,10,2.87
3011,253,117,4386,4373,0.0277138788476284,0.0531959629941127,0.0533417668142526,0.0198596142043067,Dinamica,Weights of Evidence,Dinamica,3000,0,dinamica-native,Weights of Evidence <U+00D7> Dinamica,11,2.87
3012,245,126,4385,4372,0.026840490797546,0.0515138772077376,0.0516550706304027,0.0198596142043067,Dinamica,Weights of Evidence,Dinamica,3000,0,dinamica-native,Weights of Evidence <U+00D7> Dinamica,12,2.87
3013,245,126,4385,4372,0.026840490797546,0.0515138772077376,0.0516550706304027,0.0198596142043067,Dinamica,Weights of Evidence,Dinamica,3000,0,dinamica-native,Weights of Evidence <U+00D7> Dinamica,13,2.87
3014,257,141,4358,4345,0.0282386550928469,0.0540370058873003,0.0541851149061775,0.0198596142043067,Dinamica,Weights of Evidence,Dinamica,3000,0,dinamica-native,Weights of Evidence <U+00D7> Dinamica,14,2.87
3015,269,116,4371,4358,0.0295150318191793,0.0565601345668629,0.0567151591819524,0.0198596142043067,Dinamica,Weights of Evidence,Dinamica,3000,0,dinamica-native,Weights of Evidence <U+00D7> Dinamica,15,2.87
3016,269,116,4371,4358,0.0295150318191793,0.0565601345668629,0.0567151591819524,0.0198596142043067,Dinamica,Weights of Evidence,Dinamica,3000,0,dinamica-native,Weights of Evidence <U+00D7> Dinamica,16,2.87
3017,292,122,4342,4329,0.0321408915795267,0.0613961312026913,0.0615644107105208,0.0198596142043067,Dinamica,Weights of Evidence,Dinamica,3000,0,dinamica-native,Weights of Evidence <U+00D7> Dinamica,17,2.87
3018,292,122,4342,4329,0.0321408915795267,0.0613961312026913,0.0615644107105208,0.0198596142043067,Dinamica,Weights of Evidence,Dinamica,3000,0,dinamica-native,Weights of Evidence <U+00D7> Dinamica,18,2.87
3019,282,129,4345,4332,0.0310299295774648,0.0592935239697225,0.0594560404807084,0.0198596142043067,Dinamica,Weights of Evidence,Dinamica,3000,0,dinamica-native,Weights of Evidence <U+00D7> Dinamica,19,2.87
3020,304,119,4333,4320,0.0334949316879683,0.063919259882254,0.0640944549862956,0.0198596142043067,Dinamica,Weights of Evidence,Dinamica,3000,0,dinamica-native,Weights of Evidence <U+00D7> Dinamica,20,2.87
3501,229,140,4387,4379,0.0250684181718664,0.0481497056349874,0.0482308340353833,0.0198641164784985,crossing,Weights of Evidence,CLUMPY,3000,500,,Weights of Evidence <U+00D7> CLUMPY,1,2.74
3502,212,136,4408,4404,0.0231441048034935,0.0445752733389403,0.0446127946127946,0.0198728902945531,crossing,Weights of Evidence,CLUMPY,3000,500,,Weights of Evidence <U+00D7> CLUMPY,2,2.74
3503,240,136,4380,4375,0.0262840871755558,0.0504625735912532,0.0505156809092823,0.0198684802477453,crossing,Weights of Evidence,CLUMPY,3000,500,,Weights of Evidence <U+00D7> CLUMPY,3,2.74
3504,230,112,4414,4413,0.0250845239393609,0.0483599663582843,0.0483701366982124,0.0198631574509364,crossing,Weights of Evidence,CLUMPY,3000,500,,Weights of Evidence <U+00D7> CLUMPY,4,2.74
3505,234,122,4400,4395,0.0255709758496339,0.0492010092514718,0.0492527888865502,0.0198674009577894,crossing,Weights of Evidence,CLUMPY,3000,500,,Weights of Evidence <U+00D7> CLUMPY,5,2.74
3506,210,142,4404,4400,0.0229357798165138,0.0441547518923465,0.0441919191919192,0.019876127786757,crossing,Weights of Evidence,CLUMPY,3000,500,,Weights of Evidence <U+00D7> CLUMPY,6,2.74
3507,244,129,4383,4380,0.026707530647986,0.0513036164844407,0.0513359983168525,0.0198769709860165,crossing,Weights of Evidence,CLUMPY,3000,500,,Weights of Evidence <U+00D7> CLUMPY,7,2.74
3508,231,131,4394,4391,0.0252541816989177,0.0485702270815812,0.0486008836524301,0.0198737338167456,crossing,Weights of Evidence,CLUMPY,3000,500,,Weights of Evidence <U+00D7> CLUMPY,8,2.74
3509,193,119,4444,4445,0.0209759808716444,0.0405803195962994,0.0405717889426109,0.0198650503025357,crossing,Weights of Evidence,CLUMPY,3000,500,,Weights of Evidence <U+00D7> CLUMPY,9,2.74
3510,193,138,4425,4422,0.0210285465242972,0.0405803195962994,0.0406059330948874,0.0198610690188817,crossing,Weights of Evidence,CLUMPY,3000,500,,Weights of Evidence <U+00D7> CLUMPY,10,2.74
3511,254,135,4367,4361,0.0278600416803773,0.0534062237174096,0.0534736842105263,0.0198647491110649,crossing,Weights of Evidence,CLUMPY,3000,500,,Weights of Evidence <U+00D7> CLUMPY,11,2.74
3512,220,131,4405,4408,0.0240069838498472,0.0462573591253154,0.0462281992015129,0.0198754421702927,crossing,Weights of Evidence,CLUMPY,3000,500,,Weights of Evidence <U+00D7> CLUMPY,12,2.74
3513,235,119,4402,4397,0.0256746421938162,0.0494112699747687,0.0494632708903389,0.0198708835539638,crossing,Weights of Evidence,CLUMPY,3000,500,,Weights of Evidence <U+00D7> CLUMPY,13,2.74
3514,237,106,4413,4412,0.0258507853403141,0.0498317914213625,0.0498422712933754,0.0198793235617945,crossing,Weights of Evidence,CLUMPY,3000,500,,Weights of Evidence <U+00D7> CLUMPY,14,2.74
3515,218,143,4395,4391,0.0238329506942167,0.0458368376787216,0.0458754208754209,0.0198743834143059,crossing,Weights of Evidence,CLUMPY,3000,500,,Weights of Evidence <U+00D7> CLUMPY,15,2.74
3516,211,111,4434,4428,0.0229747386759582,0.0443650126156434,0.0444210526315789,0.0198689601862641,crossing,Weights of Evidence,CLUMPY,3000,500,,Weights of Evidence <U+00D7> CLUMPY,16,2.74
3517,250,111,4395,4390,0.0273343538158758,0.052565180824222,0.052620500947169,0.0198674009577894,crossing,Weights of Evidence,CLUMPY,3000,500,,Weights of Evidence <U+00D7> CLUMPY,17,2.74
3518,235,132,4389,4389,0.0256971022416621,0.0494112699747687,0.0494112699747687,0.0198631758669939,crossing,Weights of Evidence,CLUMPY,3000,500,,Weights of Evidence <U+00D7> CLUMPY,18,2.74
3519,232,113,4411,4407,0.0253192185965295,0.0487804878048781,0.0488215488215488,0.0198674189363229,crossing,Weights of Evidence,CLUMPY,3000,500,,Weights of Evidence <U+00D7> CLUMPY,19,2.74
3520,208,121,4427,4422,0.0226628895184136,0.0437342304457527,0.0437802567880446,0.0198725443624358,crossing,Weights of Evidence,CLUMPY,3000,500,,Weights of Evidence <U+00D7> CLUMPY,20,2.74
4001,701,548,3507,16586,0.0328460312997845,0.147392767031119,0.039304737874965,0.0214756846534995,lulcc,GLM suitability (lulcc),CLUE-S,4000,0,lulcc-clues,GLM suitability (lulcc) <U+00D7> CLUE-S,1,4
4002,701,548,3507,16588,0.0328429535232384,0.147392767031119,0.0393003307731121,0.0214720353210882,lulcc,GLM suitability (lulcc),CLUE-S,4000,0,lulcc-clues,GLM suitability (lulcc) <U+00D7> CLUE-S,2,4
4003,701,548,3507,16575,0.0328629693872767,0.147392767031119,0.0393289946140036,0.0214716790475435,lulcc,GLM suitability (lulcc),CLUE-S,4000,0,lulcc-clues,GLM suitability (lulcc) <U+00D7> CLUE-S,3,4
4004,701,548,3507,16579,0.0328568080618702,0.147392767031119,0.0393201705182858,0.0214721010957394,lulcc,GLM suitability (lulcc),CLUE-S,4000,0,lulcc-clues,GLM suitability (lulcc) <U+00D7> CLUE-S,4,4
4005,700,548,3508,16582,0.032805323835411,0.147182506307822,0.0392596747055524,0.0214713047798662,lulcc,GLM suitability (lulcc),CLUE-S,4000,0,lulcc-clues,GLM suitability (lulcc) <U+00D7> CLUE-S,5,4
4006,700,548,3508,16576,0.0328145509094318,0.147182506307822,0.0392728904847397,0.0214701626902645,lulcc,GLM suitability (lulcc),CLUE-S,4000,0,lulcc-clues,GLM suitability (lulcc) <U+00D7> CLUE-S,6,4
4007,701,548,3507,16574,0.0328645100797,0.147392767031119,0.039331201256803,0.0214731152584788,lulcc,GLM suitability (lulcc),CLUE-S,4000,0,lulcc-clues,GLM suitability (lulcc) <U+00D7> CLUE-S,7,4
4008,701,548,3507,16574,0.0328645100797,0.147392767031119,0.039331201256803,0.021470895797785,lulcc,GLM suitability (lulcc),CLUE-S,4000,0,lulcc-clues,GLM suitability (lulcc) <U+00D7> CLUE-S,8,4
4009,701,547,3508,16580,0.0328552680914886,0.147392767031119,0.0393201705182858,0.0214777760440883,lulcc,GLM suitability (lulcc),CLUE-S,4000,0,lulcc-clues,GLM suitability (lulcc) <U+00D7> CLUE-S,9,4
4010,702,547,3507,16585,0.0328944285647345,0.147603027754415,0.0393630144667489,0.0214751815650661,lulcc,GLM suitability (lulcc),CLUE-S,4000,0,lulcc-clues,GLM suitability (lulcc) <U+00D7> CLUE-S,10,4
4011,701,548,3507,16584,0.0328491096532334,0.147392767031119,0.0393091459653451,0.0214735177001143,lulcc,GLM suitability (lulcc),CLUE-S,4000,0,lulcc-clues,GLM suitability (lulcc) <U+00D7> CLUE-S,11,4
4012,701,548,3507,16590,0.032839876323433,0.147392767031119,0.039295924659454,0.0214783574147479,lulcc,GLM suitability (lulcc),CLUE-S,4000,0,lulcc-clues,GLM suitability (lulcc) <U+00D7> CLUE-S,12,4
4013,701,548,3507,16575,0.0328629693872767,0.147392767031119,0.0393289946140036,0.0214718906849191,lulcc,GLM suitability (lulcc),CLUE-S,4000,0,lulcc-clues,GLM suitability (lulcc) <U+00D7> CLUE-S,13,4
4014,701,548,3507,16578,0.0328583481766195,0.147392767031119,0.0393223761709766,0.0214728679199652,lulcc,GLM suitability (lulcc),CLUE-S,4000,0,lulcc-clues,GLM suitability (lulcc) <U+00D7> CLUE-S,14,4
4015,700,548,3508,16579,0.0328099367236935,0.147182506307822,0.0392662814831435,0.0214754767490542,lulcc,GLM suitability (lulcc),CLUE-S,4000,0,lulcc-clues,GLM suitability (lulcc) <U+00D7> CLUE-S,15,4
4016,701,548,3507,16579,0.0328568080618702,0.147392767031119,0.0393201705182858,0.0214743203521143,lulcc,GLM suitability (lulcc),CLUE-S,4000,0,lulcc-clues,GLM suitability (lulcc) <U+00D7> CLUE-S,16,4
4017,701,548,3507,16584,0.0328491096532334,0.147392767031119,0.0393091459653451,0.0214773963409432,lulcc,GLM suitability (lulcc),CLUE-S,4000,0,lulcc-clues,GLM suitability (lulcc) <U+00D7> CLUE-S,17,4
4018,701,548,3507,16574,0.0328645100797,0.147392767031119,0.039331201256803,0.0214728698519207,lulcc,GLM suitability (lulcc),CLUE-S,4000,0,lulcc-clues,GLM suitability (lulcc) <U+00D7> CLUE-S,18,4
4019,701,548,3507,16581,0.0328537282654544,0.147392767031119,0.0393157599551318,0.0214762421006254,lulcc,GLM suitability (lulcc),CLUE-S,4000,0,lulcc-clues,GLM suitability (lulcc) <U+00D7> CLUE-S,19,4
4020,702,547,3507,16589,0.0328882642304989,0.147603027754415,0.0393541876892028,0.0214808179902761,lulcc,GLM suitability (lulcc),CLUE-S,4000,0,lulcc-clues,GLM suitability (lulcc) <U+00D7> CLUE-S,20,4
4101,240,96,4420,3557,0.0288704438830747,0.0504625735912532,0.0616491137939892,0.020077979563399,lulcc,GLM suitability (lulcc),Ordered,4000,100,lulcc-ordered,GLM suitability (lulcc) <U+00D7> Ordered,1,4.13
4102,235,101,4420,3572,0.0282180595581172,0.0494112699747687,0.0601330603889458,0.020118733862481,lulcc,GLM suitability (lulcc),Ordered,4000,100,lulcc-ordered,GLM suitability (lulcc) <U+00D7> Ordered,2,4.13
4103,240,100,4416,3560,0.0288600288600289,0.0504625735912532,0.0615384615384615,0.0200970153273313,lulcc,GLM suitability (lulcc),Ordered,4000,100,lulcc-ordered,GLM suitability (lulcc) <U+00D7> Ordered,3,4.13
4104,235,101,4420,3558,0.028265576136637,0.0494112699747687,0.0603492552645095,0.0200807007923097,lulcc,GLM suitability (lulcc),Ordered,4000,100,lulcc-ordered,GLM suitability (lulcc) <U+00D7> Ordered,4,4.13
4105,244,98,4414,3558,0.0293480875631465,0.0513036164844407,0.0625641025641026,0.0200970153273313,lulcc,GLM suitability (lulcc),Ordered,4000,100,lulcc-ordered,GLM suitability (lulcc) <U+00D7> Ordered,5,4.13
4106,241,106,4409,3561,0.0289767945172538,0.05067283431455,0.0616683725690891,0.020118733862481,lulcc,GLM suitability (lulcc),Ordered,4000,100,lulcc-ordered,GLM suitability (lulcc) <U+00D7> Ordered,6,4.13
4107,233,99,4424,3564,0.0280048076923077,0.0489907485281749,0.0598049281314168,0.0200861414152434,lulcc,GLM suitability (lulcc),Ordered,4000,100,lulcc-ordered,GLM suitability (lulcc) <U+00D7> Ordered,7,4.13
4108,237,104,4415,3550,0.0285335901757765,0.0498317914213625,0.0609097918272938,0.0200725352696584,lulcc,GLM suitability (lulcc),Ordered,4000,100,lulcc-ordered,GLM suitability (lulcc) <U+00D7> Ordered,8,4.13
4109,230,102,4424,3569,0.0276276276276276,0.0483599663582843,0.0589592412202,0.0200997322786838,lulcc,GLM suitability (lulcc),Ordered,4000,100,lulcc-ordered,GLM suitability (lulcc) <U+00D7> Ordered,9,4.13
4110,241,101,4414,3550,0.0290151697568023,0.05067283431455,0.0619218910585817,0.0200752577225841,lulcc,GLM suitability (lulcc),Ordered,4000,100,lulcc-ordered,GLM suitability (lulcc) <U+00D7> Ordered,10,4.13
4111,234,100,4422,3577,0.0280811232449298,0.0492010092514718,0.0598312452058297,0.0201268682620029,lulcc,GLM suitability (lulcc),Ordered,4000,100,lulcc-ordered,GLM suitability (lulcc) <U+00D7> Ordered,11,4.13
4112,242,103,4411,3559,0.0291040288634997,0.0508830950378469,0.0619877049180328,0.0201078794720257,lulcc,GLM suitability (lulcc),Ordered,4000,100,lulcc-ordered,GLM suitability (lulcc) <U+00D7> Ordered,12,4.13
4113,236,100,4420,3558,0.0283858551840269,0.0496215306980656,0.0606060606060606,0.0200807007923097,lulcc,GLM suitability (lulcc),Ordered,4000,100,lulcc-ordered,GLM suitability (lulcc) <U+00D7> Ordered,13,4.13
4114,237,106,4413,3555,0.0285164240163639,0.0498317914213625,0.0608004104669061,0.0200915795930346,lulcc,GLM suitability (lulcc),Ordered,4000,100,lulcc-ordered,GLM suitability (lulcc) <U+00D7> Ordered,14,4.13
4115,235,104,4417,3558,0.028265576136637,0.0494112699747687,0.0603027970233513,0.0200888608096787,lulcc,GLM suitability (lulcc),Ordered,4000,100,lulcc-ordered,GLM suitability (lulcc) <U+00D7> Ordered,15,4.13
4116,238,96,4422,3570,0.028585154936344,0.0500420521446594,0.0609631147540984,0.0201078794720257,lulcc,GLM suitability (lulcc),Ordered,4000,100,lulcc-ordered,GLM suitability (lulcc) <U+00D7> Ordered,16,4.13
4117,238,100,4418,3563,0.0286092078374805,0.0500420521446594,0.0610099974365547,0.0200997322786838,lulcc,GLM suitability (lulcc),Ordered,4000,100,lulcc-ordered,GLM suitability (lulcc) <U+00D7> Ordered,17,4.13
4118,240,105,4411,3571,0.0288219046475321,0.0504625735912532,0.0612870275791624,0.0201404134331734,lulcc,GLM suitability (lulcc),Ordered,4000,100,lulcc-ordered,GLM suitability (lulcc) <U+00D7> Ordered,18,4.13
4119,243,99,4414,3566,0.0291997116077866,0.0510933557611438,0.0621801432958035,0.020118733862481,lulcc,GLM suitability (lulcc),Ordered,4000,100,lulcc-ordered,GLM suitability (lulcc) <U+00D7> Ordered,19,4.13
4120,238,99,4419,3567,0.0285954583683768,0.0500420521446594,0.0609631147540984,0.0201078794720257,lulcc,GLM suitability (lulcc),Ordered,4000,100,lulcc-ordered,GLM suitability (lulcc) <U+00D7> Ordered,20,4.13
4501,234,118,4404,4400,0.0255570117955439,0.0492010092514718,0.0492424242424242,0.0198584171380727,crossing,GLM suitability (lulcc),CLUMPY,4000,500,,GLM suitability (lulcc) <U+00D7> CLUMPY,1,3.74
4502,236,125,4395,4389,0.0258064516129032,0.0496215306980656,0.0496842105263158,0.0198660588426709,crossing,GLM suitability (lulcc),CLUMPY,4000,500,,GLM suitability (lulcc) <U+00D7> CLUMPY,2,3.74
4503,219,125,4412,4411,0.0238900403621686,0.0460470984020185,0.0460567823343849,0.0198765846221762,crossing,GLM suitability (lulcc),CLUMPY,4000,500,,GLM suitability (lulcc) <U+00D7> CLUMPY,3,3.74
4504,198,120,4438,4444,0.0215217391304348,0.0416316232127839,0.0415791684166317,0.0198934293689349,crossing,GLM suitability (lulcc),CLUMPY,4000,500,,GLM suitability (lulcc) <U+00D7> CLUMPY,4,3.74
4505,220,133,4403,4399,0.0240305843801202,0.0462573591253154,0.0462962962962963,0.0198728902945531,crossing,GLM suitability (lulcc),CLUMPY,4000,500,,GLM suitability (lulcc) <U+00D7> CLUMPY,5,3.74
4506,230,136,4390,4394,0.0251366120218579,0.0483599663582843,0.0483193277310924,0.0198928195917043,crossing,GLM suitability (lulcc),CLUMPY,4000,500,,GLM suitability (lulcc) <U+00D7> CLUMPY,6,3.74
4507,217,143,4396,4392,0.0237210319195453,0.0456265769554247,0.0456649831649832,0.0198680004099029,crossing,GLM suitability (lulcc),CLUMPY,4000,500,,GLM suitability (lulcc) <U+00D7> CLUMPY,7,3.74
4508,230,108,4418,4412,0.025087260034904,0.0483599663582843,0.048421052631579,0.0198605381028018,crossing,GLM suitability (lulcc),CLUMPY,4000,500,,GLM suitability (lulcc) <U+00D7> CLUMPY,8,3.74
4509,213,132,4411,4409,0.023240589198036,0.0447855340622372,0.0448043752629365,0.0198758252848456,crossing,GLM suitability (lulcc),CLUMPY,4000,500,,GLM suitability (lulcc) <U+00D7> CLUMPY,9,3.74
4510,264,133,4359,4354,0.0289791437980242,0.0555088309503785,0.0555672490002105,0.0198731258838186,crossing,GLM suitability (lulcc),CLUMPY,4000,500,,GLM suitability (lulcc) <U+00D7> CLUMPY,10,3.74
4511,221,122,4413,4410,0.0241108444250491,0.0464676198486123,0.046496949295182,0.0198791290739272,crossing,GLM suitability (lulcc),CLUMPY,4000,500,,GLM suitability (lulcc) <U+00D7> CLUMPY,11,3.74
4512,247,128,4381,4384,0.0270240700218818,0.0519343986543314,0.0519016600126077,0.0198700213968679,crossing,GLM suitability (lulcc),CLUMPY,4000,500,,GLM suitability (lulcc) <U+00D7> CLUMPY,12,3.74
4513,215,118,4423,4419,0.023433242506812,0.045206055508831,0.0452441077441077,0.0198743834143059,crossing,GLM suitability (lulcc),CLUMPY,4000,500,,GLM suitability (lulcc) <U+00D7> CLUMPY,13,3.74
4514,230,131,4395,4391,0.0251448562370176,0.0483599663582843,0.0484006734006734,0.019876127786757,crossing,GLM suitability (lulcc),CLUMPY,4000,500,,GLM suitability (lulcc) <U+00D7> CLUMPY,14,3.74
4515,223,101,4432,4425,0.0242892931053262,0.0468881412952061,0.0469572541587703,0.0198630552905868,crossing,GLM suitability (lulcc),CLUMPY,4000,500,,GLM suitability (lulcc) <U+00D7> CLUMPY,15,3.74
4516,209,126,4421,4434,0.0227421109902067,0.0439444911690496,0.0438247011952191,0.0198459337843785,crossing,GLM suitability (lulcc),CLUMPY,4000,500,,GLM suitability (lulcc) <U+00D7> CLUMPY,16,3.74
4517,223,106,4427,4420,0.0243025283347864,0.0468881412952061,0.0469572541587703,0.0198630552905868,crossing,GLM suitability (lulcc),CLUMPY,4000,500,,GLM suitability (lulcc) <U+00D7> CLUMPY,17,3.74
4518,243,142,4371,4368,0.0266330556773345,0.0510933557611438,0.0511256048811277,0.0198791290739272,crossing,GLM suitability (lulcc),CLUMPY,4000,500,,GLM suitability (lulcc) <U+00D7> CLUMPY,18,3.74
4519,257,113,4386,4380,0.028130472854641,0.0540370058873003,0.0541052631578947,0.0198612662075069,crossing,GLM suitability (lulcc),CLUMPY,4000,500,,GLM suitability (lulcc) <U+00D7> CLUMPY,19,3.74
4520,219,131,4406,4402,0.0239135182354226,0.0460470984020185,0.0460858585858586,0.019876127786757,crossing,GLM suitability (lulcc),CLUMPY,4000,500,,GLM suitability (lulcc) <U+00D7> CLUMPY,20,3.74
5001,251,111,4394,2887,0.0328405076540625,0.0527754415475189,0.077254539858418,0.0176967601242834,CLUinPy,logistic suitability (CLUinPy),CLUMondo,5000,0,cluinpy,logistic suitability (CLUinPy) <U+00D7> CLUMondo,1,5.26
5002,251,111,4394,2886,0.0328448050248626,0.0527754415475189,0.0772783251231527,0.0176936414444158,CLUinPy,logistic suitability (CLUinPy),CLUMondo,5000,0,cluinpy,logistic suitability (CLUinPy) <U+00D7> CLUMondo,2,5.26
5003,251,111,4394,2886,0.0328448050248626,0.0527754415475189,0.0772783251231527,0.0176936414444158,CLUinPy,logistic suitability (CLUinPy),CLUMondo,5000,0,cluinpy,logistic suitability (CLUinPy) <U+00D7> CLUMondo,3,5.26
5004,251,111,4394,2887,0.0328405076540625,0.0527754415475189,0.077254539858418,0.0176967601242834,CLUinPy,logistic suitability (CLUinPy),CLUMondo,5000,0,cluinpy,logistic suitability (CLUinPy) <U+00D7> CLUMondo,4,5.26
5005,251,111,4394,2886,0.0328448050248626,0.0527754415475189,0.0772783251231527,0.0176936414444158,CLUinPy,logistic suitability (CLUinPy),CLUMondo,5000,0,cluinpy,logistic suitability (CLUinPy) <U+00D7> CLUMondo,5,5.26
5006,251,111,4394,2886,0.0328448050248626,0.0527754415475189,0.0772783251231527,0.0176936414444158,CLUinPy,logistic suitability (CLUinPy),CLUMondo,5000,0,cluinpy,logistic suitability (CLUinPy) <U+00D7> CLUMondo,6,5.26
5007,251,111,4394,2886,0.0328448050248626,0.0527754415475189,0.0772783251231527,0.0176936414444158,CLUinPy,logistic suitability (CLUinPy),CLUMondo,5000,0,cluinpy,logistic suitability (CLUinPy) <U+00D7> CLUMondo,7,5.26
5008,251,111,4394,2886,0.0328448050248626,0.0527754415475189,0.0772783251231527,0.0176936414444158,CLUinPy,logistic suitability (CLUinPy),CLUMondo,5000,0,cluinpy,logistic suitability (CLUinPy) <U+00D7> CLUMondo,8,5.26
5009,251,111,4394,2886,0.0328448050248626,0.0527754415475189,0.0772783251231527,0.0176936414444158,CLUinPy,logistic suitability (CLUinPy),CLUMondo,5000,0,cluinpy,logistic suitability (CLUinPy) <U+00D7> CLUMondo,9,5.26
5010,251,111,4394,2886,0.0328448050248626,0.0527754415475189,0.0772783251231527,0.0176936414444158,CLUinPy,logistic suitability (CLUinPy),CLUMondo,5000,0,cluinpy,logistic suitability (CLUinPy) <U+00D7> CLUMondo,10,5.26
5011,251,111,4394,2886,0.0328448050248626,0.0527754415475189,0.0772783251231527,0.0176936414444158,CLUinPy,logistic suitability (CLUinPy),CLUMondo,5000,0,cluinpy,logistic suitability (CLUinPy) <U+00D7> CLUMondo,11,5.26
5012,251,111,4394,2886,0.0328448050248626,0.0527754415475189,0.0772783251231527,0.0176936414444158,CLUinPy,logistic suitability (CLUinPy),CLUMondo,5000,0,cluinpy,logistic suitability (CLUinPy) <U+00D7> CLUMondo,12,5.26
5013,251,111,4394,2886,0.0328448050248626,0.0527754415475189,0.0772783251231527,0.0176936414444158,CLUinPy,logistic suitability (CLUinPy),CLUMondo,5000,0,cluinpy,logistic suitability (CLUinPy) <U+00D7> CLUMondo,13,5.26
5014,251,111,4394,2886,0.0328448050248626,0.0527754415475189,0.0772783251231527,0.0176936414444158,CLUinPy,logistic suitability (CLUinPy),CLUMondo,5000,0,cluinpy,logistic suitability (CLUinPy) <U+00D7> CLUMondo,14,5.26
5015,251,111,4394,2886,0.0328448050248626,0.0527754415475189,0.0772783251231527,0.0176936414444158,CLUinPy,logistic suitability (CLUinPy),CLUMondo,5000,0,cluinpy,logistic suitability (CLUinPy) <U+00D7> CLUMondo,15,5.26
5016,251,111,4394,2887,0.0328405076540625,0.0527754415475189,0.077254539858418,0.0176967601242834,CLUinPy,logistic suitability (CLUinPy),CLUMondo,5000,0,cluinpy,logistic suitability (CLUinPy) <U+00D7> CLUMondo,16,5.26
5017,251,111,4394,2886,0.0328448050248626,0.0527754415475189,0.0772783251231527,0.0176936414444158,CLUinPy,logistic suitability (CLUinPy),CLUMondo,5000,0,cluinpy,logistic suitability (CLUinPy) <U+00D7> CLUMondo,17,5.26
5018,251,111,4394,2886,0.0328448050248626,0.0527754415475189,0.0772783251231527,0.0176936414444158,CLUinPy,logistic suitability (CLUinPy),CLUMondo,5000,0,cluinpy,logistic suitability (CLUinPy) <U+00D7> CLUMondo,18,5.26
5019,251,111,4394,2886,0.0328448050248626,0.0527754415475189,0.0772783251231527,0.0176936414444158,CLUinPy,logistic suitability (CLUinPy),CLUMondo,5000,0,cluinpy,logistic suitability (CLUinPy) <U+00D7> CLUMondo,19,5.26
5020,251,111,4394,2886,0.0328448050248626,0.0527754415475189,0.0772783251231527,0.0176936414444158,CLUinPy,logistic suitability (CLUinPy),CLUMondo,5000,0,cluinpy,logistic suitability (CLUinPy) <U+00D7> CLUMondo,20,5.26
5501,214,121,4421,4420,0.0233217088055798,0.0449957947855341,0.0450052576235542,0.0198716334037582,crossing,logistic suitability (CLUinPy),CLUMPY,5000,500,,logistic suitability (CLUinPy) <U+00D7> CLUMPY,1,4.74
5502,224,111,4421,4415,0.0244248173590666,0.047098402018503,0.0471578947368421,0.0198690439705304,crossing,logistic suitability (CLUinPy),CLUMPY,5000,500,,logistic suitability (CLUinPy) <U+00D7> CLUMPY,2,4.74
5503,227,114,4415,4418,0.0247438412906039,0.0477291841883936,0.0476990964488338,0.0198723743872433,crossing,logistic suitability (CLUinPy),CLUMPY,5000,500,,logistic suitability (CLUinPy) <U+00D7> CLUMPY,3,4.74
5504,231,151,4374,4375,0.0252984339064725,0.0485702270815812,0.0485600168173218,0.0198709809148212,crossing,logistic suitability (CLUinPy),CLUMPY,5000,500,,logistic suitability (CLUinPy) <U+00D7> CLUMPY,4,4.74
5505,221,100,4435,4432,0.0240531127557684,0.0464676198486123,0.046496949295182,0.0198580848447566,crossing,logistic suitability (CLUinPy),CLUMPY,5000,500,,logistic suitability (CLUinPy) <U+00D7> CLUMPY,5,4.74
5506,258,126,4372,4370,0.0282708744247206,0.0542472666105971,0.0542700883466555,0.0198618154707959,crossing,logistic suitability (CLUinPy),CLUMPY,5000,500,,logistic suitability (CLUinPy) <U+00D7> CLUMPY,6,4.74
5507,189,112,4455,4450,0.0205300890723441,0.0397392767031119,0.0397810987160598,0.0198684802477453,crossing,logistic suitability (CLUinPy),CLUMPY,5000,500,,logistic suitability (CLUinPy) <U+00D7> CLUMPY,7,4.74
5508,229,105,4422,4417,0.0249645699335005,0.0481497056349874,0.0482003788676068,0.0198587494958185,crossing,logistic suitability (CLUinPy),CLUMPY,5000,500,,logistic suitability (CLUinPy) <U+00D7> CLUMPY,8,4.74
5509,216,156,4384,4380,0.0236427320490368,0.0454163162321278,0.0454545454545455,0.019872308828243,crossing,logistic suitability (CLUinPy),CLUMPY,5000,500,,logistic suitability (CLUinPy) <U+00D7> CLUMPY,9,4.74
5510,245,137,4374,4391,0.0267847381655188,0.0515138772077376,0.0513304001676095,0.0198763917011294,crossing,logistic suitability (CLUinPy),CLUMPY,5000,500,,logistic suitability (CLUinPy) <U+00D7> CLUMPY,10,4.74
5511,224,113,4419,4422,0.0244061887121377,0.047098402018503,0.0470687119142677,0.0198751605897339,crossing,logistic suitability (CLUinPy),CLUMPY,5000,500,,logistic suitability (CLUinPy) <U+00D7> CLUMPY,11,4.74
5512,194,119,4443,4437,0.0211030131621886,0.0407905803195963,0.0408421052631579,0.0198654772452903,crossing,logistic suitability (CLUinPy),CLUMPY,5000,500,,logistic suitability (CLUinPy) <U+00D7> CLUMPY,12,4.74
5513,250,126,4380,4372,0.0273882559158633,0.052565180824222,0.052653748946925,0.0198641164784985,crossing,logistic suitability (CLUinPy),CLUMPY,5000,500,,logistic suitability (CLUinPy) <U+00D7> CLUMPY,13,4.74
5514,241,124,4391,4393,0.0263416766859766,0.05067283431455,0.0506515342580916,0.0198881528865292,crossing,logistic suitability (CLUinPy),CLUMPY,5000,500,,logistic suitability (CLUinPy) <U+00D7> CLUMPY,14,4.74
5515,202,98,4456,4461,0.0219160247368992,0.0424726661059714,0.042428061331653,0.0198911741962405,crossing,logistic suitability (CLUinPy),CLUMPY,5000,500,,logistic suitability (CLUinPy) <U+00D7> CLUMPY,15,4.74
5516,256,124,4376,4372,0.028045574057844,0.0538267451640034,0.0538720538720539,0.0198703196977026,crossing,logistic suitability (CLUinPy),CLUMPY,5000,500,,logistic suitability (CLUinPy) <U+00D7> CLUMPY,16,4.74
5517,220,91,4445,4439,0.023926046764546,0.0462573591253154,0.0463157894736842,0.0198653307068508,crossing,logistic suitability (CLUinPy),CLUMPY,5000,500,,logistic suitability (CLUinPy) <U+00D7> CLUMPY,17,4.74
5518,195,133,4428,4425,0.0212395163925498,0.0410008410428932,0.041026719966337,0.0198752267902589,crossing,logistic suitability (CLUinPy),CLUMPY,5000,500,,logistic suitability (CLUinPy) <U+00D7> CLUMPY,18,4.74
5519,186,125,4445,4438,0.0202305851642375,0.0391084945332212,0.0391661402400505,0.0198660407177923,crossing,logistic suitability (CLUinPy),CLUMPY,5000,500,,logistic suitability (CLUinPy) <U+00D7> CLUMPY,19,4.74
5520,223,124,4409,4409,0.0243316966721222,0.0468881412952061,0.0468881412952061,0.0198596950900954,crossing,logistic suitability (CLUinPy),CLUMPY,5000,500,,logistic suitability (CLUinPy) <U+00D7> CLUMPY,20,4.74
