tool,stage,seconds,note,host,timestamp,k
cluinpy,fit_suitability,28.6,"",vm,2026-10-05T21:17:08Z,1
cluinpy,allocate,28.77,realisation=1,vm,2026-10-05T21:17:37Z,1
dinamica-native,calibrate,1.91,"",vm,2026-10-05T21:15:46Z,1
dinamica-native,allocate,0.7,realisation=1,vm,2026-10-05T21:15:47Z,1
evoland-clumpy,allocate,5.34,id_run=1001,vm,2026-10-05T21:15:14Z,1
evoland-dinamica,allocate,20.79,id_run=1501,vm,2026-10-05T21:15:39Z,1
evoland,neighbours,12.17,,vm,2026-10-05T21:14:41Z,1
evoland,alloc_params,1.6,,vm,2026-10-05T21:14:44Z,1
evoland,fit_log_reg,5.34,,vm,2026-10-05T21:14:50Z,1
evoland,predict_log_reg,8.6,,vm,2026-10-05T21:15:03Z,1
lulcc,fit_glm,5.3,"",vm,2026-10-05T21:16:03Z,1
lulcc,allocate_clues,4.94,realisation=1,vm,2026-10-05T21:16:17Z,1
lulcc,allocate_ordered,2.6,realisation=1,vm,2026-10-05T21:16:20Z,1
cluinpy,fit_suitability,11.22,"",vm,2026-10-05T21:21:39Z,2
cluinpy,allocate,47.87,realisation=1,vm,2026-10-05T21:22:26Z,2
dinamica-native,calibrate,7.33,"",vm,2026-10-05T21:20:20Z,2
dinamica-native,allocate,1.3,realisation=1,vm,2026-10-05T21:20:21Z,2
evoland-clumpy,allocate,7.37,id_run=1001,vm,2026-10-05T21:19:50Z,2
evoland-dinamica,allocate,11.86,id_run=1501,vm,2026-10-05T21:20:07Z,2
evoland,neighbours,40.17,,vm,2026-10-05T21:18:49Z,2
evoland,alloc_params,2.69,,vm,2026-10-05T21:18:54Z,2
evoland,fit_log_reg,15.27,,vm,2026-10-05T21:19:10Z,2
evoland,predict_log_reg,16.24,,vm,2026-10-05T21:19:36Z,2
lulcc,fit_glm,6.95,"",vm,2026-10-05T21:20:41Z,2
lulcc,allocate_clues,8.29,realisation=1,vm,2026-10-05T21:21:15Z,2
lulcc,allocate_ordered,8.24,realisation=1,vm,2026-10-05T21:21:23Z,2
cluinpy,fit_suitability,11.68,"",vm,2026-10-05T21:29:32Z,3
cluinpy,allocate,66.42,realisation=1,vm,2026-10-05T21:30:38Z,3
dinamica-native,calibrate,15.98,"",vm,2026-10-05T21:27:27Z,3
dinamica-native,allocate,2.77,realisation=1,vm,2026-10-05T21:27:30Z,3
evoland-clumpy,allocate,10.48,id_run=1001,vm,2026-10-05T21:26:28Z,3
evoland-dinamica,allocate,16.54,id_run=1501,vm,2026-10-05T21:26:58Z,3
evoland,neighbours,79.47,,vm,2026-10-05T21:24:27Z,3
evoland,alloc_params,3.47,,vm,2026-10-05T21:24:32Z,3
evoland,fit_log_reg,35.82,,vm,2026-10-05T21:25:09Z,3
evoland,predict_log_reg,35.6,,vm,2026-10-05T21:26:01Z,3
lulcc,fit_glm,7.91,"",vm,2026-10-05T21:27:53Z,3
lulcc,allocate_clues,13.58,realisation=1,vm,2026-10-05T21:28:58Z,3
lulcc,allocate_ordered,15.93,realisation=1,vm,2026-10-05T21:29:15Z,3
cluinpy,fit_suitability,16.02,"",vm,2026-10-05T22:22:29Z,4
cluinpy,allocate,148.71,realisation=1,vm,2026-10-05T22:24:58Z,4
dinamica-native,calibrate,29.55,"",vm,2026-10-05T22:21:58Z,4
dinamica-native,allocate,5.1,realisation=1,vm,2026-10-05T22:22:04Z,4
lulcc,fit_glm,11.24,"",vm,2026-10-05T21:33:19Z,4
lulcc,allocate_clues,514.12,realisation=1,vm,2026-10-05T21:43:25Z,4
lulcc,allocate_ordered,23.9,realisation=1,vm,2026-10-05T21:43:49Z,4
cluinpy,fit_suitability,23.33,"",vm,2026-10-05T22:14:40Z,6
cluinpy,allocate,364.33,realisation=1,vm,2026-10-05T22:20:45Z,6
dinamica-native,calibrate,64.2,"",vm,2026-10-05T21:47:39Z,6
dinamica-native,allocate,12.08,realisation=1,vm,2026-10-05T21:47:51Z,6
lulcc,fit_glm,14.82,"",vm,2026-10-05T21:48:32Z,6
lulcc,allocate_clues,1248.08,realisation=1,vm,2026-10-05T22:12:42Z,6
lulcc,allocate_ordered,74.41,realisation=1,vm,2026-10-05T22:13:59Z,6
