k,step,status,wall,peak_rss_kb,cells,seconds,peak_rss_gib,outcome
1,000-pie-data.r,0,0:06.81,499516,113563,6.81,0.476375579833984,ok
1,010-evoland-calibrate.r,0,0:37.09,1488868,113563,37.09,1.41989517211914,ok
1,020-alloc-evoland-clumpy.r,0,0:09.56,640800,113563,9.56,0.611114501953125,ok
1,020-alloc-evoland-dinamica.r,0,0:13.32,733472,113563,13.32,0.699493408203125,ok
1,030-cluinpy.r,0,1:20.93,465288,113563,80.93,0.443733215332031,ok
1,030-dinamica-native.r,0,0:10.82,571840,113563,10.82,0.54534912109375,ok
1,030-lulcc.r,0,0:29.61,807996,113563,29.61,0.770565032958984,ok
2,000-pie-data.r,0,0:10.75,837108,454252,10.75,0.798328399658203,ok
2,010-evoland-calibrate.r,0,1:32.01,2557820,454252,92.01,2.43932723999023,ok
2,020-alloc-evoland-clumpy.r,0,0:17.19,1066416,454252,17.19,1.01701354980469,ok
2,020-alloc-evoland-dinamica.r,0,0:22.09,1238024,454252,22.09,1.18067169189453,ok
2,030-cluinpy.r,0,1:05.59,518360,454252,65.59,0.494346618652344,ok
2,030-dinamica-native.r,0,0:17.68,747828,454252,17.68,0.713184356689453,ok
2,030-lulcc.r,0,0:59.93,1206556,454252,59.93,1.15066146850586,ok
3,000-pie-data.r,0,0:12.06,1246656,1022067,12.06,1.18890380859375,ok
3,010-evoland-calibrate.r,0,2:20.63,3403672,1022067,140.63,3.24599456787109,ok
3,020-alloc-evoland-clumpy.r,0,0:22.38,1397752,1022067,22.38,1.33300018310547,ok
3,020-alloc-evoland-dinamica.r,0,0:26.69,2155828,1022067,26.69,2.05595779418945,ok
3,030-cluinpy.r,0,1:24.77,607912,1022067,84.77,0.579750061035156,ok
3,030-dinamica-native.r,0,0:33.87,1053320,1022067,33.87,1.00452423095703,ok
3,030-lulcc.r,0,1:42.78,1971664,1022067,102.78,1.88032531738281,ok
4,000-pie-data.r,0,0:16.54,2061752,1817008,16.54,1.96623992919922,ok
4,010-evoland-calibrate.r,0,3:45.76,5344692,1817008,225.76,5.09709548950195,ok
4,020-alloc-evoland-clumpy.r,0,0:35.86,2284444,1817008,35.86,2.17861557006836,ok
4,020-alloc-evoland-dinamica.r,0,0:40.97,2770756,1817008,40.97,2.64239883422852,ok
4,030-cluinpy.r,0,2:52.46,745408,1817008,172.46,0.71087646484375,ok
4,030-dinamica-native.r,0,0:43.67,313400,1817008,43.67,0.298881530761719,ok
4,030-lulcc.r,0,10:57.54,3601068,1817008,657.54,3.43424606323242,ok
6,000-pie-data.r,0,0:26.16,3617076,4088268,26.16,3.44951248168945,ok
6,010-evoland-calibrate.r,0,7:03.89,9289464,4088268,423.89,8.85912322998047,ok
6,020-alloc-evoland-clumpy.r,0,0:49.29,3308360,4088268,49.29,3.15509796142578,ok
6,020-alloc-evoland-dinamica.r,0,0:56.49,5799676,4088268,56.49,5.53100204467773,ok
6,030-cluinpy.r,0,6:35.76,1334680,4088268,395.76,1.27285003662109,ok
6,030-dinamica-native.r,0,1:28.40,315712,4088268,88.4,0.30108642578125,ok
6,030-lulcc.r,0,26:12.02,6960472,4088268,1572.02,6.63802337646484,ok
