id_run,id_pred,id_trans,importance,importance_rel,trans_label,pred_name
0,26,10,5293.67890255928,0.064960361583353,grassland→arable,CDD_yearly
0,26,45,3158.89655054046,0.250452004677711,open_forest→closed_forest,CDD_yearly
0,26,53,3308.64052103254,0.0566114285124706,shrubland→closed_forest,CDD_yearly
0,26,18,5427.13082674473,0.265845046741122,arable→grassland,CDD_yearly
0,26,42,1116.71972648325,0.0389616620378002,open_forest→grassland,CDD_yearly
0,26,26,2123.74671309562,0.61681469184667,perm_crops→grassland,CDD_yearly
0,26,5,7200.18676226283,0.0982049790371068,alp_past→open_forest,CDD_yearly
0,26,37,24541.5998772576,0.663041775863262,closed_forest→open_forest,CDD_yearly
0,26,13,16158.7215534073,0.490655620789546,grassland→open_forest,CDD_yearly
0,26,54,5791.80391592817,0.10644572732626,shrubland→open_forest,CDD_yearly
0,26,6,12397.8688082011,0.259709891961221,alp_past→shrubland,CDD_yearly
0,26,75,12236.0889842135,0.216264935871775,static→shrubland,CDD_yearly
0,26,23,4595.85615335819,0.0472792729196275,arable→urban,CDD_yearly
0,26,15,6511.41764270024,0.0628584165307557,grassland→urban,CDD_yearly
0,24,10,6129.68282443984,0.0752192227742362,grassland→arable,FD_yearly
0,24,45,2812.88828350223,0.223018860626204,open_forest→closed_forest,FD_yearly
0,24,53,7980.09987180537,0.136540929890474,shrubland→closed_forest,FD_yearly
0,24,18,5881.50269557358,0.288102205185027,arable→grassland,FD_yearly
0,24,42,2649.86269587582,0.0924520740118189,open_forest→grassland,FD_yearly
0,24,26,730.680593407888,0.21221670281212,perm_crops→grassland,FD_yearly
0,24,5,7403.62841622266,0.100979765861681,alp_past→open_forest,FD_yearly
0,24,37,22560.0688047059,0.609506640100153,closed_forest→open_forest,FD_yearly
0,24,13,8683.45297233189,0.263670921901487,grassland→open_forest,FD_yearly
0,24,54,2771.74380088068,0.0509410002702957,shrubland→open_forest,FD_yearly
0,24,6,10606.6544787052,0.222187630095934,alp_past→shrubland,FD_yearly
0,24,75,27511.5375907573,0.486248581591326,static→shrubland,FD_yearly
0,24,23,5427.16976751208,0.0558313036912312,arable→urban,FD_yearly
0,24,15,7911.01780443551,0.0763695526259034,grassland→urban,FD_yearly
0,27,10,15064.0517729379,0.184855611398587,grassland→arable,HD_yearly
0,27,45,1667.65076075967,0.132219105454121,open_forest→closed_forest,HD_yearly
0,27,53,2072.39556350285,0.035459057140541,shrubland→closed_forest,HD_yearly
0,27,18,6065.34543434015,0.29710764158239,arable→grassland,HD_yearly
0,27,42,8929.23918415638,0.311535644170428,open_forest→grassland,HD_yearly
0,27,26,703.119909704996,0.204212059640475,perm_crops→grassland,HD_yearly
0,27,5,2118.78301927723,0.0288985617821538,alp_past→open_forest,HD_yearly
0,27,37,13191.2519089596,0.356388790271224,closed_forest→open_forest,HD_yearly
0,27,13,6993.6859673934,0.212361560820074,grassland→open_forest,HD_yearly
0,27,54,1067.70726071547,0.0196230531261301,shrubland→open_forest,HD_yearly
0,27,6,1938.44815264252,0.0406065081090548,alp_past→shrubland,HD_yearly
0,27,75,3168.30026268871,0.0559976520289211,static→shrubland,HD_yearly
0,27,23,6601.15828592411,0.0679085580078081,arable→urban,HD_yearly
0,27,15,6708.08518220542,0.0647569601036986,grassland→urban,HD_yearly
0,28,10,6982.99962118475,0.0856905355761704,grassland→arable,HW2_yearly
0,28,45,958.212762615696,0.0759715626850169,open_forest→closed_forest,HW2_yearly
0,28,53,178.521668048325,0.00305453753117029,shrubland→closed_forest,HW2_yearly
0,28,18,5422.01291927143,0.265594348831879,arable→grassland,HW2_yearly
0,28,42,2069.33785941032,0.072197920756958,open_forest→grassland,HW2_yearly
0,28,26,361.491105322882,0.104990403686151,perm_crops→grassland,HW2_yearly
0,28,5,0,0,alp_past→open_forest,HW2_yearly
0,28,37,12534.0985022252,0.338634439943821,closed_forest→open_forest,HW2_yearly
0,28,13,4412.68999336964,0.133990250459638,grassland→open_forest,HW2_yearly
0,28,54,418.57589307556,0.0076928735893723,shrubland→open_forest,HW2_yearly
0,28,6,287.800132042316,0.0060288217560176,alp_past→shrubland,HW2_yearly
0,28,75,3368.49449755487,0.0595359552744341,static→shrubland,HW2_yearly
0,28,23,4284.05933747049,0.0440717036959794,arable→urban,HW2_yearly
0,28,15,3269.06083949029,0.0315581028876913,grassland→urban,HW2_yearly
0,29,10,4037.31782890651,0.0495431685261246,grassland→arable,HW3_yearly
0,29,45,339.751439415224,0.0269370736686904,open_forest→closed_forest,HW3_yearly
0,29,53,109.556038964639,0.00187452333625552,shrubland→closed_forest,HW3_yearly
0,29,18,4907.9797256886,0.240414712899556,arable→grassland,HW3_yearly
0,29,42,0,0,open_forest→grassland,HW3_yearly
0,29,26,405.449954080867,0.117757681244909,perm_crops→grassland,HW3_yearly
0,29,5,0,0,alp_past→open_forest,HW3_yearly
0,29,37,6164.04002303808,0.166534213898369,closed_forest→open_forest,HW3_yearly
0,29,13,1438.33803870777,0.0436747821264711,grassland→open_forest,HW3_yearly
0,29,54,28.0639660202822,0.000515778731126062,shrubland→open_forest,HW3_yearly
0,29,6,0,0,alp_past→shrubland,HW3_yearly
0,29,75,11649.235796469,0.205892686439997,static→shrubland,HW3_yearly
0,29,23,4236.87122622658,0.0435862621339252,arable→urban,HW3_yearly
0,29,15,4618.93669033778,0.0445892219393934,grassland→urban,HW3_yearly
0,30,10,0,0,grassland→arable,HW4_yearly
0,30,45,0,0,open_forest→closed_forest,HW4_yearly
0,30,53,0,0,shrubland→closed_forest,HW4_yearly
0,30,18,0,0,arable→grassland,HW4_yearly
0,30,42,0,0,open_forest→grassland,HW4_yearly
0,30,26,41.3277542769434,0.0120031102870505,perm_crops→grassland,HW4_yearly
0,30,5,0,0,alp_past→open_forest,HW4_yearly
0,30,37,0,0,closed_forest→open_forest,HW4_yearly
0,30,13,0,0,grassland→open_forest,HW4_yearly
0,30,54,0,0,shrubland→open_forest,HW4_yearly
0,30,6,0,0,alp_past→shrubland,HW4_yearly
0,30,75,0,0,static→shrubland,HW4_yearly
0,30,23,0,0,arable→urban,HW4_yearly
0,30,15,0,0,grassland→urban,HW4_yearly
0,25,10,9266.45131646264,0.1137114734747,grassland→arable,ID_yearly
0,25,45,2912.91796177202,0.230949678571365,open_forest→closed_forest,ID_yearly
0,25,53,7016.26224727916,0.120049496496112,shrubland→closed_forest,ID_yearly
0,25,18,5401.87787531356,0.264608044673568,arable→grassland,ID_yearly
0,25,42,10999.4677149689,0.383764639902902,open_forest→grassland,ID_yearly
0,25,26,1704.58353751138,0.495074183250615,perm_crops→grassland,ID_yearly
0,25,5,11396.0507481725,0.155433318854408,alp_past→open_forest,ID_yearly
0,25,37,21932.7544300376,0.592558452570207,closed_forest→open_forest,ID_yearly
0,25,13,9799.68855491967,0.297565141868815,grassland→open_forest,ID_yearly
0,25,54,6170.85017601436,0.113412098327566,shrubland→open_forest,ID_yearly
0,25,6,12929.654276676,0.270849705480848,alp_past→shrubland,ID_yearly
0,25,75,15583.6997918995,0.275431785473957,static→shrubland,ID_yearly
0,25,23,6846.42185538724,0.0704316751052429,arable→urban,ID_yearly
0,25,15,12344.9471056535,0.119172793053329,grassland→urban,ID_yearly
0,35,10,12615.8425078518,0.154812882699115,grassland→arable,PR20_yearly
0,35,45,2990.34924405493,0.23708879061959,open_forest→closed_forest,PR20_yearly
0,35,53,3665.72575845227,0.0627212205139107,shrubland→closed_forest,PR20_yearly
0,35,18,6903.23304083095,0.338151109488794,arable→grassland,PR20_yearly
0,35,42,2000.53172441787,0.0697973171729726,open_forest→grassland,PR20_yearly
0,35,26,797.339239320573,0.23157684208109,perm_crops→grassland,PR20_yearly
0,35,5,5787.64863357121,0.0789390513747418,alp_past→open_forest,PR20_yearly
0,35,37,19774.5566909936,0.53425030360206,closed_forest→open_forest,PR20_yearly
0,35,13,9612.84185962761,0.291891587747098,grassland→open_forest,PR20_yearly
0,35,54,2890.19997512259,0.0531180687288444,shrubland→open_forest,PR20_yearly
0,35,6,10705.2451137918,0.224252901440781,alp_past→shrubland,PR20_yearly
0,35,75,11916.9919071955,0.210625102017413,static→shrubland,PR20_yearly
0,35,23,6030.58681843584,0.0620388781850793,arable→urban,PR20_yearly
0,35,15,5829.58016059101,0.05627625166152,grassland→urban,PR20_yearly
0,36,10,8787.96726775677,0.107839848582459,grassland→arable,PR40_yearly
0,36,45,2549.44699996905,0.202132010892405,open_forest→closed_forest,PR40_yearly
0,36,53,3047.60451214488,0.0521450559155126,shrubland→closed_forest,PR40_yearly
0,36,18,4354.8267740074,0.213318816929995,arable→grassland,PR40_yearly
0,36,42,1775.17792616613,0.0619348622362542,open_forest→grassland,PR40_yearly
0,36,26,692.583358057142,0.201151854853472,perm_crops→grassland,PR40_yearly
0,36,5,5373.78120674714,0.0732942197450375,alp_past→open_forest,PR40_yearly
0,36,37,22060.6299812606,0.596013273486384,closed_forest→open_forest,PR40_yearly
0,36,13,8470.88417640143,0.257216322496266,grassland→open_forest,PR40_yearly
0,36,54,2640.93351346865,0.0485368794838449,shrubland→open_forest,PR40_yearly
0,36,6,9473.42449904759,0.198448789159869,alp_past→shrubland,PR40_yearly
0,36,75,10317.7135337229,0.18235889413625,static→shrubland,PR40_yearly
0,36,23,5165.69126164236,0.0531413775427382,arable→urban,PR40_yearly
0,36,15,5160.21656534706,0.0498145043141451,grassland→urban,PR40_yearly
0,37,10,683.638027859517,0.00838913245388089,grassland→arable,PR60_yearly
0,37,45,2121.27350445525,0.168184425529741,open_forest→closed_forest,PR60_yearly
0,37,53,2800.33570392081,0.0479142425735506,shrubland→closed_forest,PR60_yearly
0,37,18,1881.92788679216,0.0921852122234116,arable→grassland,PR60_yearly
0,37,42,0,0,open_forest→grassland,PR60_yearly
0,37,26,0,0,perm_crops→grassland,PR60_yearly
0,37,5,4864.39342484083,0.0663465643444787,alp_past→open_forest,PR60_yearly
0,37,37,17306.616085171,0.467573814286217,closed_forest→open_forest,PR60_yearly
0,37,13,6735.13289574671,0.204510660149711,grassland→open_forest,PR60_yearly
0,37,54,2527.98643726699,0.0464610609909921,shrubland→open_forest,PR60_yearly
0,37,6,9124.06054597433,0.191130331777276,alp_past→shrubland,PR60_yearly
0,37,75,10082.4518485676,0.178200796453336,static→shrubland,PR60_yearly
0,37,23,1544.06375465868,0.0158843552160504,arable→urban,PR60_yearly
0,37,15,938.296762420475,0.00905791211039986,grassland→urban,PR60_yearly
0,31,10,21596.2398601239,0.265014100019595,grassland→arable,SD_yearly
0,31,45,2643.83591817941,0.209615603155374,open_forest→closed_forest,SD_yearly
0,31,53,14908.9248378249,0.255094358933537,shrubland→closed_forest,SD_yearly
0,31,18,5605.38016175389,0.274576493302824,arable→grassland,SD_yearly
0,31,42,12137.3850212738,0.423465872417918,open_forest→grassland,SD_yearly
0,31,26,1130.2550303027,0.328267916284666,perm_crops→grassland,SD_yearly
0,31,5,14750.2473196114,0.201181966057688,alp_past→open_forest,SD_yearly
0,31,37,15765.7324105898,0.425943673908131,closed_forest→open_forest,SD_yearly
0,31,13,8855.79126595421,0.268903931961323,grassland→open_forest,SD_yearly
0,31,54,8704.81240585023,0.159982986514986,shrubland→open_forest,SD_yearly
0,31,6,7561.60212921745,0.158400036523514,alp_past→shrubland,SD_yearly
0,31,75,12286.3664406531,0.217153557301934,static→shrubland,SD_yearly
0,31,23,7652.00505462831,0.078719007577247,arable→urban,SD_yearly
0,31,15,9099.53764695203,0.0878430103912374,grassland→urban,SD_yearly
0,38,10,17294.9880911517,0.212232116957044,grassland→arable,SNFD_yearly
0,38,45,3901.22980677047,0.30930763644252,open_forest→closed_forest,SNFD_yearly
0,38,53,3839.72098496976,0.0656983098244267,shrubland→closed_forest,SNFD_yearly
0,38,18,5880.6665632363,0.288061247698027,arable→grassland,SNFD_yearly
0,38,42,2758.5892830871,0.096245477535539,open_forest→grassland,SNFD_yearly
0,38,26,1560.18823542821,0.453136440294104,perm_crops→grassland,SNFD_yearly
0,38,5,22698.1839215699,0.30958567462181,alp_past→open_forest,SNFD_yearly
0,38,37,23227.5286310298,0.627539439541776,closed_forest→open_forest,SNFD_yearly
0,38,13,8977.45030062568,0.272598078740453,grassland→open_forest,SNFD_yearly
0,38,54,16224.4715580941,0.29818441724797,shrubland→open_forest,SNFD_yearly
0,38,6,10144.3975831654,0.212504297399307,alp_past→shrubland,SNFD_yearly
0,38,75,15017.2983412319,0.265421007229017,static→shrubland,SNFD_yearly
0,38,23,6179.87125486003,0.0635746224244187,arable→urban,SNFD_yearly
0,38,15,12086.6955355985,0.116679743820274,grassland→urban,SNFD_yearly
0,32,10,927.08800100352,0.0113765819335322,grassland→arable,TN_yearly
0,32,45,586.77577075754,0.046522311108096,open_forest→closed_forest,TN_yearly
0,32,53,65.8328475413887,0.00112641174484517,shrubland→closed_forest,TN_yearly
0,32,18,2706.73553488274,0.132587965493798,arable→grassland,TN_yearly
0,32,42,478.396291421326,0.0166909513501589,open_forest→grassland,TN_yearly
0,32,26,92.7299321470725,0.0269322062605514,perm_crops→grassland,TN_yearly
0,32,5,0,0,alp_past→open_forest,TN_yearly
0,32,37,5239.81347522096,0.141564333587814,closed_forest→open_forest,TN_yearly
0,32,13,0,0,grassland→open_forest,TN_yearly
0,32,54,124.139638348924,0.00228152304288646,shrubland→open_forest,TN_yearly
0,32,6,142.867522948582,0.00299278122101108,alp_past→shrubland,TN_yearly
0,32,75,2054.99946416172,0.0363207825561619,static→shrubland,TN_yearly
0,32,23,3118.36190639732,0.0320797428629264,arable→urban,TN_yearly
0,32,15,2803.14011638559,0.027060305251249,grassland→urban,TN_yearly
0,33,10,0,0,grassland→arable,VHD_yearly
0,33,45,366.035691850829,0.0290210114009425,open_forest→closed_forest,VHD_yearly
0,33,53,0,0,shrubland→closed_forest,VHD_yearly
0,33,18,3777.4913354054,0.185038355013709,arable→grassland,VHD_yearly
0,33,42,0,0,open_forest→grassland,VHD_yearly
0,33,26,393.171526937552,0.114191571309075,perm_crops→grassland,VHD_yearly
0,33,5,0,0,alp_past→open_forest,VHD_yearly
0,33,37,2951.97157870982,0.0797535811697193,closed_forest→open_forest,VHD_yearly
0,33,13,0,0,grassland→open_forest,VHD_yearly
0,33,54,53.7253668102582,0.000987401477847092,shrubland→open_forest,VHD_yearly
0,33,6,0,0,alp_past→shrubland,VHD_yearly
0,33,75,0,0,static→shrubland,VHD_yearly
0,33,23,2001.44055165101,0.0205895595763532,arable→urban,VHD_yearly
0,33,15,1818.13028624985,0.0175514453397713,grassland→urban,VHD_yearly
0,5,10,6722.57282643683,0.0824947582983609,grassland→arable,aspect_mean_100m
0,5,45,4147.06745177472,0.328798787871974,open_forest→closed_forest,aspect_mean_100m
0,5,53,4767.29687596833,0.0815692985006971,shrubland→closed_forest,aspect_mean_100m
0,5,18,7829.99754525184,0.383548163818432,arable→grassland,aspect_mean_100m
0,5,42,2105.54692387627,0.073461232668596,open_forest→grassland,aspect_mean_100m
0,5,26,1175.06508516389,0.341282415617569,perm_crops→grassland,aspect_mean_100m
0,5,5,7764.51174316143,0.105901935345202,alp_past→open_forest,aspect_mean_100m
0,5,37,28258.1351733288,0.763451617727284,closed_forest→open_forest,aspect_mean_100m
0,5,13,13184.748334778,0.40035165268321,grassland→open_forest,aspect_mean_100m
0,5,54,3712.7620523724,0.0682356762747524,shrubland→open_forest,aspect_mean_100m
0,5,6,10951.8625686051,0.229419030679294,alp_past→shrubland,aspect_mean_100m
0,5,75,16996.1498095045,0.300395923351144,static→shrubland,aspect_mean_100m
0,5,23,5944.06485024093,0.0611487946813035,arable→urban,aspect_mean_100m
0,5,15,8583.7109228167,0.0828634417531016,grassland→urban,aspect_mean_100m
0,1,10,28388.5671833894,0.348364837197572,grassland→arable,bioregion
0,1,45,1447.52076459289,0.114766175942949,open_forest→closed_forest,bioregion
0,1,53,596.820269079758,0.0102117010847882,shrubland→closed_forest,bioregion
0,1,18,371.955102074199,0.0182200180266938,arable→grassland,bioregion
0,1,42,0,0,open_forest→grassland,bioregion
0,1,26,75.7167972183158,0.0219909618486268,perm_crops→grassland,bioregion
0,1,5,4936.92270465222,0.0673358076292203,alp_past→open_forest,bioregion
0,1,37,15884.4383302695,0.429150758376282,closed_forest→open_forest,bioregion
0,1,13,15292.1307687969,0.464341803945301,grassland→open_forest,bioregion
0,1,54,1313.47957429983,0.0241400245319123,shrubland→open_forest,bioregion
0,1,6,13366.4910996914,0.28000053985933,alp_past→shrubland,bioregion
0,1,75,9186.04577286846,0.162357400518061,static→shrubland,bioregion
0,1,23,0,0,arable→urban,bioregion
0,1,15,488.935679450428,0.00471997409505713,grassland→urban,bioregion
0,2,10,17815.2394892026,0.218616281836273,grassland→arable,biosubregion
0,2,45,1906.73587784344,0.151174885076594,open_forest→closed_forest,biosubregion
0,2,53,951.18462012736,0.01627493823587,shrubland→closed_forest,biosubregion
0,2,18,943.37570556991,0.0462107449678158,arable→grassland,biosubregion
0,2,42,885.754193116158,0.0309034171263686,open_forest→grassland,biosubregion
0,2,26,389.299632953616,0.113067029912571,perm_crops→grassland,biosubregion
0,2,5,5846.00180426015,0.0797349434944144,alp_past→open_forest,biosubregion
0,2,37,21854.1123070394,0.590433773936737,closed_forest→open_forest,biosubregion
0,2,13,0,0,grassland→open_forest,biosubregion
0,2,54,1893.35566280716,0.0347973832574929,shrubland→open_forest,biosubregion
0,2,6,12219.5314581403,0.255974090701063,alp_past→shrubland,biosubregion
0,2,75,4060.79427645864,0.0717719048071509,static→shrubland,biosubregion
0,2,23,1761.25637060586,0.0181186960271725,arable→urban,biosubregion
0,2,15,1494.58811980494,0.0144281088592036,grassland→urban,biosubregion
0,21,10,6690.43116564708,0.0821003380954691,grassland→arable,distance_to_lakes_mean_100m
0,21,45,3299.46549087598,0.261596963792129,open_forest→closed_forest,distance_to_lakes_mean_100m
0,21,53,3768.32291845345,0.0644766761918751,shrubland→closed_forest,distance_to_lakes_mean_100m
0,21,18,7688.14582029852,0.376599634355186,arable→grassland,distance_to_lakes_mean_100m
0,21,42,1953.56130944006,0.0681585483836868,open_forest→grassland,distance_to_lakes_mean_100m
0,21,26,932.948463522399,0.270962782655751,perm_crops→grassland,distance_to_lakes_mean_100m
0,21,5,6844.29702935898,0.0933509183143319,alp_past→open_forest,distance_to_lakes_mean_100m
0,21,37,18824.7116964445,0.508588288283969,closed_forest→open_forest,distance_to_lakes_mean_100m
0,21,13,11265.0545229467,0.342060620446732,grassland→open_forest,distance_to_lakes_mean_100m
0,21,54,3259.27838873377,0.0599012438410442,shrubland→open_forest,distance_to_lakes_mean_100m
0,21,6,9841.17921133546,0.206152495181773,alp_past→shrubland,distance_to_lakes_mean_100m
0,21,75,14494.5596651486,0.25618194020305,static→shrubland,distance_to_lakes_mean_100m
0,21,23,15598.8201273745,0.160470834903617,arable→urban,distance_to_lakes_mean_100m
0,21,15,10118.5913504276,0.0976805151674957,grassland→urban,distance_to_lakes_mean_100m
0,22,10,6217.73483411018,0.0762997360602915,grassland→arable,distance_to_rivers_mean_100m
0,22,45,2570.62551324979,0.203811141887165,open_forest→closed_forest,distance_to_rivers_mean_100m
0,22,53,1944.85866370494,0.0332768780734243,shrubland→closed_forest,distance_to_rivers_mean_100m
0,22,18,6211.25520746214,0.304254952324274,arable→grassland,distance_to_rivers_mean_100m
0,22,42,1506.46567592687,0.0525596576697433,open_forest→grassland,distance_to_rivers_mean_100m
0,22,26,619.080912300614,0.179804022670978,perm_crops→grassland,distance_to_rivers_mean_100m
0,22,5,3755.61692876863,0.0512237104312578,alp_past→open_forest,distance_to_rivers_mean_100m
0,22,37,16406.8779515623,0.443265538831337,closed_forest→open_forest,distance_to_rivers_mean_100m
0,22,13,11606.7254349397,0.352435373973835,grassland→open_forest,distance_to_rivers_mean_100m
0,22,54,1533.03918545345,0.0281752409929608,shrubland→open_forest,distance_to_rivers_mean_100m
0,22,6,4534.65552642678,0.0949917211634479,alp_past→shrubland,distance_to_rivers_mean_100m
0,22,75,12583.7358862865,0.222409369365177,static→shrubland,distance_to_rivers_mean_100m
0,22,23,4128.81363054916,0.0424746336611022,arable→urban,distance_to_rivers_mean_100m
0,22,15,3959.16409496104,0.0382200619666396,grassland→urban,distance_to_rivers_mean_100m
0,23,10,1184.01784880457,0.0145294471000695,grassland→arable,distance_to_roads_mean_100m
0,23,45,1752.99896077272,0.138985907546847,open_forest→closed_forest,distance_to_roads_mean_100m
0,23,53,3201.28504667514,0.0547745572285181,shrubland→closed_forest,distance_to_roads_mean_100m
0,23,18,1259.00309994945,0.0616715809215229,arable→grassland,distance_to_roads_mean_100m
0,23,42,2116.09477924871,0.073829240832595,open_forest→grassland,distance_to_roads_mean_100m
0,23,26,96.1785488086245,0.0279338122478736,perm_crops→grassland,distance_to_roads_mean_100m
0,23,5,3395.46400270973,0.0463115030508688,alp_past→open_forest,distance_to_roads_mean_100m
0,23,37,4805.33632148299,0.129826040036162,closed_forest→open_forest,distance_to_roads_mean_100m
0,23,13,2378.79382549595,0.0722314916635803,grassland→open_forest,distance_to_roads_mean_100m
0,23,54,2583.14257510176,0.0474747581557361,shrubland→open_forest,distance_to_roads_mean_100m
0,23,6,5928.39765187586,0.124187756580659,alp_past→shrubland,distance_to_roads_mean_100m
0,23,75,12287.2752879053,0.217169620587594,static→shrubland,distance_to_roads_mean_100m
0,23,23,40427.0429104877,0.415887950213979,arable→urban,distance_to_roads_mean_100m
0,23,15,60167.5712157298,0.580831772841692,grassland→urban,distance_to_roads_mean_100m
0,3,10,15130.2878288282,0.185668414407551,grassland→arable,elevation_mean_100m
0,3,45,6030.26834690118,0.478107710101347,open_forest→closed_forest,elevation_mean_100m
0,3,53,29305.4433643751,0.501421354632638,shrubland→closed_forest,elevation_mean_100m
0,3,18,8931.89199416768,0.437523863064938,arable→grassland,elevation_mean_100m
0,3,42,13703.6619065538,0.478112306267597,open_forest→grassland,elevation_mean_100m
0,3,26,1120.34445751512,0.325389518939871,perm_crops→grassland,elevation_mean_100m
0,3,5,18475.0409270722,0.251985270224104,alp_past→open_forest,elevation_mean_100m
0,3,37,37013.6555050473,1,closed_forest→open_forest,elevation_mean_100m
0,3,13,12419.8104821661,0.377124502212289,grassland→open_forest,elevation_mean_100m
0,3,54,18825.6507475746,0.34599066461914,shrubland→open_forest,elevation_mean_100m
0,3,6,29555.6630178884,0.619130446366754,alp_past→shrubland,elevation_mean_100m
0,3,75,51538.9848281772,0.910918126138372,static→shrubland,elevation_mean_100m
0,3,23,9563.62932702307,0.0983845938528956,arable→urban,elevation_mean_100m
0,3,15,10996.8826133839,0.106159160075816,grassland→urban,elevation_mean_100m
0,18,10,483.437660085717,0.00593241218068508,grassland→arable,fte_sec1
0,18,45,43.2266136860797,0.00342720689959136,open_forest→closed_forest,fte_sec1
0,18,53,0,0,shrubland→closed_forest,fte_sec1
0,18,18,2231.03687508652,0.10928612581361,arable→grassland,fte_sec1
0,18,42,60.8257891078556,0.00212217424139711,open_forest→grassland,fte_sec1
0,18,26,179.780739231862,0.052214984294257,perm_crops→grassland,fte_sec1
0,18,5,3.06430817243195,4.17947936314836e-05,alp_past→open_forest,fte_sec1
0,18,37,37.2665388563499,0.00100683216363939,closed_forest→open_forest,fte_sec1
0,18,13,759.872267390283,0.0230733352168273,grassland→open_forest,fte_sec1
0,18,54,0,0,shrubland→open_forest,fte_sec1
0,18,6,0,0,alp_past→shrubland,fte_sec1
0,18,75,0,0,static→shrubland,fte_sec1
0,18,23,528.907584051723,0.00544106803633748,arable→urban,fte_sec1
0,18,15,2176.94458482823,0.0210152837655733,grassland→urban,fte_sec1
0,19,10,341.554784440346,0.00419132378562709,grassland→arable,fte_sec2
0,19,45,29.6451022954534,0.00235040153420086,open_forest→closed_forest,fte_sec2
0,19,53,0,0,shrubland→closed_forest,fte_sec2
0,19,18,245.643972850444,0.0120327361784406,arable→grassland,fte_sec2
0,19,42,62.0284656059395,0.00216413488214509,open_forest→grassland,fte_sec2
0,19,26,118.741911033093,0.0344870482019033,perm_crops→grassland,fte_sec2
0,19,5,0,0,alp_past→open_forest,fte_sec2
0,19,37,89.4290176780279,0.0024161087700682,closed_forest→open_forest,fte_sec2
0,19,13,574.96813842762,0.0174587666457391,grassland→open_forest,fte_sec2
0,19,54,0,0,shrubland→open_forest,fte_sec2
0,19,6,0,0,alp_past→shrubland,fte_sec2
0,19,75,9.00729496228331,0.000159198095887464,static→shrubland,fte_sec2
0,19,23,2442.63785723117,0.0251283195213716,arable→urban,fte_sec2
0,19,15,2921.47138706497,0.0282026242836208,grassland→urban,fte_sec2
0,20,10,495.510050864773,0.00608055620011245,grassland→arable,fte_sec3
0,20,45,57.6976518647289,0.00457453808427048,open_forest→closed_forest,fte_sec3
0,20,53,5.19585161146163,8.8901946341354e-05,shrubland→closed_forest,fte_sec3
0,20,18,407.7670703864,0.0199742477834065,arable→grassland,fte_sec3
0,20,42,90.8686383464853,0.00317035070943018,open_forest→grassland,fte_sec3
0,20,26,161.27397113942,0.046839933499533,perm_crops→grassland,fte_sec3
0,20,5,0,0,alp_past→open_forest,fte_sec3
0,20,37,128.635772940756,0.00347535986882504,closed_forest→open_forest,fte_sec3
0,20,13,782.960872519617,0.0237744150544528,grassland→open_forest,fte_sec3
0,20,54,2.39164223253557,4.39552340931851e-05,shrubland→open_forest,fte_sec3
0,20,6,1.24977177176183,2.61801521569368e-05,alp_past→shrubland,fte_sec3
0,20,75,118.876651111656,0.00210106769920373,static→shrubland,fte_sec3
0,20,23,4664.01845592529,0.0479804837492016,arable→urban,fte_sec3
0,20,15,4955.35321153492,0.0478368418860181,grassland→urban,fte_sec3
0,60,10,3823.45299606296,0.0469187674003284,grassland→arable,"id_lulc_10_dist_[100,500)"
0,60,45,3081.65117913459,0.244327632508142,open_forest→closed_forest,"id_lulc_10_dist_[100,500)"
0,60,53,13044.6162335035,0.223195706720396,shrubland→closed_forest,"id_lulc_10_dist_[100,500)"
0,60,18,4279.31336144971,0.209619833557039,arable→grassland,"id_lulc_10_dist_[100,500)"
0,60,42,1224.73270048442,0.0427301680370486,open_forest→grassland,"id_lulc_10_dist_[100,500)"
0,60,26,649.873142035937,0.188747226480711,perm_crops→grassland,"id_lulc_10_dist_[100,500)"
0,60,5,5805.06641674202,0.0791766164668206,alp_past→open_forest,"id_lulc_10_dist_[100,500)"
0,60,37,10218.3392197308,0.276069441947917,closed_forest→open_forest,"id_lulc_10_dist_[100,500)"
0,60,13,6361.99109051226,0.193180300660273,grassland→open_forest,"id_lulc_10_dist_[100,500)"
0,60,54,7237.99098258257,0.133024740772572,shrubland→open_forest,"id_lulc_10_dist_[100,500)"
0,60,6,8356.38384329265,0.175049081314074,alp_past→shrubland,"id_lulc_10_dist_[100,500)"
0,60,75,35976.4254867539,0.635859984413854,static→shrubland,"id_lulc_10_dist_[100,500)"
0,60,23,21313.6398896105,0.219261300533793,arable→urban,"id_lulc_10_dist_[100,500)"
0,60,15,23159.3967646509,0.223570824099338,grassland→urban,"id_lulc_10_dist_[100,500)"
0,50,10,5212.947856226,0.0639696860895529,grassland→arable,"id_lulc_10_dist_[500,1e+03]"
0,50,45,3145.09020098366,0.249357373097202,open_forest→closed_forest,"id_lulc_10_dist_[500,1e+03]"
0,50,53,6364.48705567566,0.108897506900655,shrubland→closed_forest,"id_lulc_10_dist_[500,1e+03]"
0,50,18,6323.71786796866,0.30976387447733,arable→grassland,"id_lulc_10_dist_[500,1e+03]"
0,50,42,1590.78695716198,0.0555015751304676,open_forest→grassland,"id_lulc_10_dist_[500,1e+03]"
0,50,26,986.822324036903,0.286609746800269,perm_crops→grassland,"id_lulc_10_dist_[500,1e+03]"
0,50,5,7165.0909810187,0.0977262997229209,alp_past→open_forest,"id_lulc_10_dist_[500,1e+03]"
0,50,37,15954.7151421182,0.431049430930769,closed_forest→open_forest,"id_lulc_10_dist_[500,1e+03]"
0,50,13,8745.78141840946,0.265563509895033,grassland→open_forest,"id_lulc_10_dist_[500,1e+03]"
0,50,54,7949.81655755889,0.14610715726278,shrubland→open_forest,"id_lulc_10_dist_[500,1e+03]"
0,50,6,10505.0220850147,0.220058640154724,alp_past→shrubland,"id_lulc_10_dist_[500,1e+03]"
0,50,75,14713.194379023,0.26004616695364,static→shrubland,"id_lulc_10_dist_[500,1e+03]"
0,50,23,16610.8759586901,0.170882227745778,arable→urban,"id_lulc_10_dist_[500,1e+03]"
0,50,15,11506.9930401789,0.111083546045761,grassland→urban,"id_lulc_10_dist_[500,1e+03]"
0,52,10,1062.93331874365,0.0130435815990273,grassland→arable,"id_lulc_1_dist_[100,500)"
0,52,45,3587.12321932995,0.28440380586488,open_forest→closed_forest,"id_lulc_1_dist_[100,500)"
0,52,53,3166.50242297569,0.0541794203429843,shrubland→closed_forest,"id_lulc_1_dist_[100,500)"
0,52,18,244.701353739184,0.0119865624948328,arable→grassland,"id_lulc_1_dist_[100,500)"
0,52,42,6678.88937021963,0.233022328037344,open_forest→grassland,"id_lulc_1_dist_[100,500)"
0,52,26,27.1657313682978,0.00788993438784505,perm_crops→grassland,"id_lulc_1_dist_[100,500)"
0,52,5,26144.5571213373,0.356591539748959,alp_past→open_forest,"id_lulc_1_dist_[100,500)"
0,52,37,8813.5290908838,0.238115608162019,closed_forest→open_forest,"id_lulc_1_dist_[100,500)"
0,52,13,4751.15886521458,0.144267774822201,grassland→open_forest,"id_lulc_1_dist_[100,500)"
0,52,54,3217.13246235975,0.0591266572266071,shrubland→open_forest,"id_lulc_1_dist_[100,500)"
0,52,6,20155.4106107568,0.422214462270407,alp_past→shrubland,"id_lulc_1_dist_[100,500)"
0,52,75,34801.771270199,0.615098733074271,static→shrubland,"id_lulc_1_dist_[100,500)"
0,52,23,119.679905261361,0.00123119147228149,arable→urban,"id_lulc_1_dist_[100,500)"
0,52,15,1589.45387155559,0.0153439018961823,grassland→urban,"id_lulc_1_dist_[100,500)"
0,42,10,3791.46780060744,0.0465262672316649,grassland→arable,"id_lulc_1_dist_[500,1e+03]"
0,42,45,3229.44398549922,0.256045333306111,open_forest→closed_forest,"id_lulc_1_dist_[500,1e+03]"
0,42,53,3708.13558898407,0.0634468602665871,shrubland→closed_forest,"id_lulc_1_dist_[500,1e+03]"
0,42,18,588.148563925477,0.0288101369690543,arable→grassland,"id_lulc_1_dist_[500,1e+03]"
0,42,42,5101.19564905476,0.177977567829907,open_forest→grassland,"id_lulc_1_dist_[500,1e+03]"
0,42,26,85.8615086572289,0.0249373617283684,perm_crops→grassland,"id_lulc_1_dist_[500,1e+03]"
0,42,5,10185.5691095088,0.138923285451829,alp_past→open_forest,"id_lulc_1_dist_[500,1e+03]"
0,42,37,16270.3524193428,0.439577020895008,closed_forest→open_forest,"id_lulc_1_dist_[500,1e+03]"
0,42,13,5798.31584184999,0.176064439845296,grassland→open_forest,"id_lulc_1_dist_[500,1e+03]"
0,42,54,3895.27471979373,0.0715900187062168,shrubland→open_forest,"id_lulc_1_dist_[500,1e+03]"
0,42,6,12414.9183525034,0.260067044902361,alp_past→shrubland,"id_lulc_1_dist_[500,1e+03]"
0,42,75,27318.1479004112,0.482830544256446,static→shrubland,"id_lulc_1_dist_[500,1e+03]"
0,42,23,361.499695557248,0.00371888113907235,arable→urban,"id_lulc_1_dist_[500,1e+03]"
0,42,15,2536.8531585998,0.0244896858519585,grassland→urban,"id_lulc_1_dist_[500,1e+03]"
0,56,10,8115.59505010961,0.0995889623498536,grassland→arable,"id_lulc_2_dist_[100,500)"
0,56,45,4660.66249291413,0.369518990508521,open_forest→closed_forest,"id_lulc_2_dist_[100,500)"
0,56,53,2206.23478111816,0.0377490699878207,shrubland→closed_forest,"id_lulc_2_dist_[100,500)"
0,56,18,16833.172614511,0.824563789480312,arable→grassland,"id_lulc_2_dist_[100,500)"
0,56,42,28662.0146080992,1,open_forest→grassland,"id_lulc_2_dist_[100,500)"
0,56,26,3443.08710730831,1,perm_crops→grassland,"id_lulc_2_dist_[100,500)"
0,56,5,3378.88632276962,0.046085396317147,alp_past→open_forest,"id_lulc_2_dist_[100,500)"
0,56,37,12870.5188837719,0.347723528199392,closed_forest→open_forest,"id_lulc_2_dist_[100,500)"
0,56,13,18090.4550282012,0.549312234441946,grassland→open_forest,"id_lulc_2_dist_[100,500)"
0,56,54,1032.5821894796,0.0189775005816445,shrubland→open_forest,"id_lulc_2_dist_[100,500)"
0,56,6,2685.28698366421,0.056251247952469,alp_past→shrubland,"id_lulc_2_dist_[100,500)"
0,56,75,3223.26459151181,0.0569691108883245,static→shrubland,"id_lulc_2_dist_[100,500)"
0,56,23,5664.15466445189,0.0582692550209437,arable→urban,"id_lulc_2_dist_[100,500)"
0,56,15,11834.2132247333,0.114242388526254,grassland→urban,"id_lulc_2_dist_[100,500)"
0,46,10,10004.4090963062,0.12276718030813,grassland→arable,"id_lulc_2_dist_[500,1e+03]"
0,46,45,3088.39080744378,0.244861981573967,open_forest→closed_forest,"id_lulc_2_dist_[500,1e+03]"
0,46,53,2290.34431306153,0.0391881990574675,shrubland→closed_forest,"id_lulc_2_dist_[500,1e+03]"
0,46,18,9791.96566930656,0.479654103456664,arable→grassland,"id_lulc_2_dist_[500,1e+03]"
0,46,42,10323.5142982219,0.360181042378813,open_forest→grassland,"id_lulc_2_dist_[500,1e+03]"
0,46,26,2276.42316802456,0.66115758825637,perm_crops→grassland,"id_lulc_2_dist_[500,1e+03]"
0,46,5,5070.31172831206,0.0691551307530246,alp_past→open_forest,"id_lulc_2_dist_[500,1e+03]"
0,46,37,17486.1284675285,0.472423710355871,closed_forest→open_forest,"id_lulc_2_dist_[500,1e+03]"
0,46,13,17937.0100657857,0.544652915754997,grassland→open_forest,"id_lulc_2_dist_[500,1e+03]"
0,46,54,2262.96656580387,0.0415903448232327,shrubland→open_forest,"id_lulc_2_dist_[500,1e+03]"
0,46,6,4384.10380677017,0.0918379718012407,alp_past→shrubland,"id_lulc_2_dist_[500,1e+03]"
0,46,75,3147.18849106479,0.0556245151595932,static→shrubland,"id_lulc_2_dist_[500,1e+03]"
0,46,23,6331.15746379427,0.0651309596383132,arable→urban,"id_lulc_2_dist_[500,1e+03]"
0,46,15,8543.49951739031,0.0824752581945777,grassland→urban,"id_lulc_2_dist_[500,1e+03]"
0,53,10,81490.9088177837,1,grassland→arable,"id_lulc_3_dist_[100,500)"
0,53,45,1019.60644637795,0.0808391393614908,open_forest→closed_forest,"id_lulc_3_dist_[100,500)"
0,53,53,86.0496585039173,0.00147232498059257,shrubland→closed_forest,"id_lulc_3_dist_[100,500)"
0,53,18,16945.1150994744,0.830047231117793,arable→grassland,"id_lulc_3_dist_[100,500)"
0,53,42,957.997943199253,0.033423956979233,open_forest→grassland,"id_lulc_3_dist_[100,500)"
0,53,26,931.452761069742,0.270528375274804,perm_crops→grassland,"id_lulc_3_dist_[100,500)"
0,53,5,232.775226428328,0.00317487406737316,alp_past→open_forest,"id_lulc_3_dist_[100,500)"
0,53,37,4278.57984695514,0.115594630915925,closed_forest→open_forest,"id_lulc_3_dist_[100,500)"
0,53,13,6346.20032659618,0.192700817982984,grassland→open_forest,"id_lulc_3_dist_[100,500)"
0,53,54,102.524043686403,0.00188425688387268,shrubland→open_forest,"id_lulc_3_dist_[100,500)"
0,53,6,0,0,alp_past→shrubland,"id_lulc_3_dist_[100,500)"
0,53,75,1041.58704647143,0.018409375422215,static→shrubland,"id_lulc_3_dist_[100,500)"
0,53,23,21469.494960299,0.220864639319235,arable→urban,"id_lulc_3_dist_[100,500)"
0,53,15,5453.49900600694,0.0526457264577319,grassland→urban,"id_lulc_3_dist_[100,500)"
0,43,10,51483.7219179905,0.631772582547947,grassland→arable,"id_lulc_3_dist_[500,1e+03]"
0,43,45,1384.07551533048,0.109735941615608,open_forest→closed_forest,"id_lulc_3_dist_[500,1e+03]"
0,43,53,170.033445536278,0.0029093025324196,shrubland→closed_forest,"id_lulc_3_dist_[500,1e+03]"
0,43,18,9368.49332539484,0.45891054140616,arable→grassland,"id_lulc_3_dist_[500,1e+03]"
0,43,42,1242.29516079968,0.0433429114382155,open_forest→grassland,"id_lulc_3_dist_[500,1e+03]"
0,43,26,1139.36334706446,0.330913308770505,perm_crops→grassland,"id_lulc_3_dist_[500,1e+03]"
0,43,5,529.751500947138,0.00722540077960974,alp_past→open_forest,"id_lulc_3_dist_[500,1e+03]"
0,43,37,8538.91687463868,0.230696394563738,closed_forest→open_forest,"id_lulc_3_dist_[500,1e+03]"
0,43,13,7444.29087137601,0.226044068323137,grassland→open_forest,"id_lulc_3_dist_[500,1e+03]"
0,43,54,185.001693412231,0.00340008745076773,shrubland→open_forest,"id_lulc_3_dist_[500,1e+03]"
0,43,6,158.419261869971,0.00331855821523216,alp_past→shrubland,"id_lulc_3_dist_[500,1e+03]"
0,43,75,1905.39718153139,0.0336766592500091,static→shrubland,"id_lulc_3_dist_[500,1e+03]"
0,43,23,9382.92323183352,0.0965256033824337,arable→urban,"id_lulc_3_dist_[500,1e+03]"
0,43,15,5469.05367486645,0.0527958845197425,grassland→urban,"id_lulc_3_dist_[500,1e+03]"
0,58,10,3057.88203317466,0.0375242107068923,grassland→arable,"id_lulc_4_dist_[100,500)"
0,58,45,1402.85825079605,0.111225124206876,open_forest→closed_forest,"id_lulc_4_dist_[100,500)"
0,58,53,118.154072226813,0.00202163721649582,shrubland→closed_forest,"id_lulc_4_dist_[100,500)"
0,58,18,3855.48086384957,0.188858629574327,arable→grassland,"id_lulc_4_dist_[100,500)"
0,58,42,1200.06264710508,0.041869445100554,open_forest→grassland,"id_lulc_4_dist_[100,500)"
0,58,26,2570.49158843183,0.746565947453289,perm_crops→grassland,"id_lulc_4_dist_[100,500)"
0,58,5,54.5675318480794,0.000744258933578436,alp_past→open_forest,"id_lulc_4_dist_[100,500)"
0,58,37,2495.74726532239,0.0674277433900594,closed_forest→open_forest,"id_lulc_4_dist_[100,500)"
0,58,13,3451.09316575363,0.10479159839773,grassland→open_forest,"id_lulc_4_dist_[100,500)"
0,58,54,48.2661405796304,0.00088706809032345,shrubland→open_forest,"id_lulc_4_dist_[100,500)"
0,58,6,13.8011503435368,0.000289105758425957,alp_past→shrubland,"id_lulc_4_dist_[100,500)"
0,58,75,659.668042077001,0.0116592047508399,static→shrubland,"id_lulc_4_dist_[100,500)"
0,58,23,4512.14673089636,0.0464181231145742,arable→urban,"id_lulc_4_dist_[100,500)"
0,58,15,4034.01822185455,0.0389426714113883,grassland→urban,"id_lulc_4_dist_[100,500)"
0,48,10,5178.853874471,0.0635513083557712,grassland→arable,"id_lulc_4_dist_[500,1e+03]"
0,48,45,936.048028710887,0.0742142395341027,open_forest→closed_forest,"id_lulc_4_dist_[500,1e+03]"
0,48,53,232.639813621978,0.00398050863921144,shrubland→closed_forest,"id_lulc_4_dist_[500,1e+03]"
0,48,18,8630.5491550183,0.422762748266675,arable→grassland,"id_lulc_4_dist_[500,1e+03]"
0,48,42,1741.66094525876,0.06076547545847,open_forest→grassland,"id_lulc_4_dist_[500,1e+03]"
0,48,26,1879.4161778022,0.545852056374916,perm_crops→grassland,"id_lulc_4_dist_[500,1e+03]"
0,48,5,255.416051733604,0.00348367741482808,alp_past→open_forest,"id_lulc_4_dist_[500,1e+03]"
0,48,37,6434.63782826995,0.173844969929882,closed_forest→open_forest,"id_lulc_4_dist_[500,1e+03]"
0,48,13,5463.26705435753,0.165890765506113,grassland→open_forest,"id_lulc_4_dist_[500,1e+03]"
0,48,54,180.646740954527,0.00332004916070118,shrubland→open_forest,"id_lulc_4_dist_[500,1e+03]"
0,48,6,106.741868049327,0.0022360229364979,alp_past→shrubland,"id_lulc_4_dist_[500,1e+03]"
0,48,75,1467.6741329127,0.0259401882941954,static→shrubland,"id_lulc_4_dist_[500,1e+03]"
0,48,23,4548.94054885456,0.04679663473525,arable→urban,"id_lulc_4_dist_[500,1e+03]"
0,48,15,4298.325991602,0.0414941845832896,grassland→urban,"id_lulc_4_dist_[500,1e+03]"
0,54,10,6544.92830252481,0.0803148277209606,grassland→arable,"id_lulc_5_dist_[100,500)"
0,54,45,12612.7820562085,1,open_forest→closed_forest,"id_lulc_5_dist_[100,500)"
0,54,53,58444.7453097515,1,shrubland→closed_forest,"id_lulc_5_dist_[100,500)"
0,54,18,5612.35855693708,0.274918326188906,arable→grassland,"id_lulc_5_dist_[100,500)"
0,54,42,2407.48713056564,0.0839957401279584,open_forest→grassland,"id_lulc_5_dist_[100,500)"
0,54,26,731.481400360644,0.212449286806599,perm_crops→grassland,"id_lulc_5_dist_[100,500)"
0,54,5,41744.7248693162,0.569365763147596,alp_past→open_forest,"id_lulc_5_dist_[100,500)"
0,54,37,17698.9750675635,0.478174198848043,closed_forest→open_forest,"id_lulc_5_dist_[100,500)"
0,54,13,13875.6647565796,0.421331160544171,grassland→open_forest,"id_lulc_5_dist_[100,500)"
0,54,54,24448.4268584891,0.449329883523464,shrubland→open_forest,"id_lulc_5_dist_[100,500)"
0,54,6,15966.9463459324,0.334474737118498,alp_past→shrubland,"id_lulc_5_dist_[100,500)"
0,54,75,6725.84034856818,0.118874865452802,static→shrubland,"id_lulc_5_dist_[100,500)"
0,54,23,7505.35355984705,0.0772103493828934,arable→urban,"id_lulc_5_dist_[100,500)"
0,54,15,12223.7616760856,0.118002921202493,grassland→urban,"id_lulc_5_dist_[100,500)"
0,44,10,6908.6470219864,0.0847781319684918,grassland→arable,"id_lulc_5_dist_[500,1e+03]"
0,44,45,5132.05868199083,0.406893471965184,open_forest→closed_forest,"id_lulc_5_dist_[500,1e+03]"
0,44,53,19878.8091761147,0.340129964991018,shrubland→closed_forest,"id_lulc_5_dist_[500,1e+03]"
0,44,18,7507.38361986283,0.367745096449625,arable→grassland,"id_lulc_5_dist_[500,1e+03]"
0,44,42,2142.25781528931,0.0747420530126992,open_forest→grassland,"id_lulc_5_dist_[500,1e+03]"
0,44,26,1032.12441669198,0.299767152129607,perm_crops→grassland,"id_lulc_5_dist_[500,1e+03]"
0,44,5,25983.3091379369,0.354392241959545,alp_past→open_forest,"id_lulc_5_dist_[500,1e+03]"
0,44,37,19806.6845873649,0.535118304774408,closed_forest→open_forest,"id_lulc_5_dist_[500,1e+03]"
0,44,13,13434.1359317111,0.407924245959602,grassland→open_forest,"id_lulc_5_dist_[500,1e+03]"
0,44,54,15430.8247992998,0.283598235169592,shrubland→open_forest,"id_lulc_5_dist_[500,1e+03]"
0,44,6,19123.4428017306,0.400596855862734,alp_past→shrubland,"id_lulc_5_dist_[500,1e+03]"
0,44,75,7504.77686231564,0.132642063077069,static→shrubland,"id_lulc_5_dist_[500,1e+03]"
0,44,23,6263.01944938079,0.064429998669963,arable→urban,"id_lulc_5_dist_[500,1e+03]"
0,44,15,7570.53695988934,0.0730826974552448,grassland→urban,"id_lulc_5_dist_[500,1e+03]"
0,57,10,3045.6590312729,0.0373742184920663,grassland→arable,"id_lulc_6_dist_[100,500)"
0,57,45,7897.28730589717,0.626133653202217,open_forest→closed_forest,"id_lulc_6_dist_[100,500)"
0,57,53,10623.1661657485,0.181764264853012,shrubland→closed_forest,"id_lulc_6_dist_[100,500)"
0,57,18,2998.22315987215,0.146866327995748,arable→grassland,"id_lulc_6_dist_[100,500)"
0,57,42,5353.75343911415,0.186789153250983,open_forest→grassland,"id_lulc_6_dist_[100,500)"
0,57,26,482.105720478255,0.140021354514946,perm_crops→grassland,"id_lulc_6_dist_[100,500)"
0,57,5,73317.9400154674,1,alp_past→open_forest,"id_lulc_6_dist_[100,500)"
0,57,37,22396.3738640945,0.605084084738413,closed_forest→open_forest,"id_lulc_6_dist_[100,500)"
0,57,13,15634.1174230123,0.474726144907621,grassland→open_forest,"id_lulc_6_dist_[100,500)"
0,57,54,54410.8632766074,1,shrubland→open_forest,"id_lulc_6_dist_[100,500)"
0,57,6,8407.45758627501,0.17611897134737,alp_past→shrubland,"id_lulc_6_dist_[100,500)"
0,57,75,2733.9251199023,0.048320353137078,static→shrubland,"id_lulc_6_dist_[100,500)"
0,57,23,2066.63678113672,0.021260257314561,arable→urban,"id_lulc_6_dist_[100,500)"
0,57,15,3517.59641625895,0.0339573581135868,grassland→urban,"id_lulc_6_dist_[100,500)"
0,47,10,5129.66025577504,0.0629476383340518,grassland→arable,"id_lulc_6_dist_[500,1e+03]"
0,47,45,4862.34331827384,0.385509183985338,open_forest→closed_forest,"id_lulc_6_dist_[500,1e+03]"
0,47,53,3448.48605877263,0.0590042105666812,shrubland→closed_forest,"id_lulc_6_dist_[500,1e+03]"
0,47,18,5592.62722347998,0.273951797569526,arable→grassland,"id_lulc_6_dist_[500,1e+03]"
0,47,42,2930.90248951871,0.102257378959346,open_forest→grassland,"id_lulc_6_dist_[500,1e+03]"
0,47,26,795.72526607021,0.231108084480698,perm_crops→grassland,"id_lulc_6_dist_[500,1e+03]"
0,47,5,36906.39249476,0.503374651374195,alp_past→open_forest,"id_lulc_6_dist_[500,1e+03]"
0,47,37,26299.0775007388,0.710523647067297,closed_forest→open_forest,"id_lulc_6_dist_[500,1e+03]"
0,47,13,11248.9794154572,0.341572503746506,grassland→open_forest,"id_lulc_6_dist_[500,1e+03]"
0,47,54,21781.0891207691,0.400307729176085,shrubland→open_forest,"id_lulc_6_dist_[500,1e+03]"
0,47,6,10292.672375939,0.215610349819084,alp_past→shrubland,"id_lulc_6_dist_[500,1e+03]"
0,47,75,6755.94281067694,0.119406906944649,static→shrubland,"id_lulc_6_dist_[500,1e+03]"
0,47,23,3997.01631089444,0.041118785862977,arable→urban,"id_lulc_6_dist_[500,1e+03]"
0,47,15,5237.02777797229,0.0505560066201508,grassland→urban,"id_lulc_6_dist_[500,1e+03]"
0,59,10,460.916282975776,0.0056560454369996,grassland→arable,"id_lulc_7_dist_[100,500)"
0,59,45,2069.42193800666,0.164073392276529,open_forest→closed_forest,"id_lulc_7_dist_[100,500)"
0,59,53,10095.6269663321,0.17273797520763,shrubland→closed_forest,"id_lulc_7_dist_[100,500)"
0,59,18,368.283041255713,0.0180401441281108,arable→grassland,"id_lulc_7_dist_[100,500)"
0,59,42,2211.53728371974,0.0771591709082033,open_forest→grassland,"id_lulc_7_dist_[100,500)"
0,59,26,156.483721439195,0.0454486675945672,perm_crops→grassland,"id_lulc_7_dist_[100,500)"
0,59,5,6715.99483756336,0.0916009756431583,alp_past→open_forest,"id_lulc_7_dist_[100,500)"
0,59,37,8453.38353975354,0.228385535673471,closed_forest→open_forest,"id_lulc_7_dist_[100,500)"
0,59,13,2795.27966061333,0.0848779820003407,grassland→open_forest,"id_lulc_7_dist_[100,500)"
0,59,54,7361.28960742331,0.135290807094915,shrubland→open_forest,"id_lulc_7_dist_[100,500)"
0,59,6,47737.3761722267,1,alp_past→shrubland,"id_lulc_7_dist_[100,500)"
0,59,75,56579.1626593982,1,static→shrubland,"id_lulc_7_dist_[100,500)"
0,59,23,390.7943797517,0.0040202463957094,arable→urban,"id_lulc_7_dist_[100,500)"
0,59,15,1008.05225058039,0.009731301496654,grassland→urban,"id_lulc_7_dist_[100,500)"
0,49,10,1985.66445627994,0.0243666991212474,grassland→arable,"id_lulc_7_dist_[500,1e+03]"
0,49,45,2796.03890337688,0.221682963434746,open_forest→closed_forest,"id_lulc_7_dist_[500,1e+03]"
0,49,53,4741.91614768518,0.0811350297200113,shrubland→closed_forest,"id_lulc_7_dist_[500,1e+03]"
0,49,18,1137.29246529502,0.0557096517933089,arable→grassland,"id_lulc_7_dist_[500,1e+03]"
0,49,42,2027.9785637365,0.0707549204571072,open_forest→grassland,"id_lulc_7_dist_[500,1e+03]"
0,49,26,268.555234226359,0.07799838512837,perm_crops→grassland,"id_lulc_7_dist_[500,1e+03]"
0,49,5,6846.37825016889,0.0933793045566278,alp_past→open_forest,"id_lulc_7_dist_[500,1e+03]"
0,49,37,12925.9698784429,0.349221650822363,closed_forest→open_forest,"id_lulc_7_dist_[500,1e+03]"
0,49,13,9431.3756339521,0.286381410266976,grassland→open_forest,"id_lulc_7_dist_[500,1e+03]"
0,49,54,4331.86882309278,0.0796140432668923,shrubland→open_forest,"id_lulc_7_dist_[500,1e+03]"
0,49,6,20696.7909961832,0.433555269596582,alp_past→shrubland,"id_lulc_7_dist_[500,1e+03]"
0,49,75,49890.9420032943,0.881790038209536,static→shrubland,"id_lulc_7_dist_[500,1e+03]"
0,49,23,855.524330925633,0.0088010953740706,arable→urban,"id_lulc_7_dist_[500,1e+03]"
0,49,15,2133.07806596043,0.0205918153189075,grassland→urban,"id_lulc_7_dist_[500,1e+03]"
0,61,10,4814.30875545978,0.0590778631052543,grassland→arable,"id_lulc_8_dist_[100,500)"
0,61,45,1746.78432983928,0.138493182713758,open_forest→closed_forest,"id_lulc_8_dist_[100,500)"
0,61,53,478.389993941367,0.00818533798728947,shrubland→closed_forest,"id_lulc_8_dist_[100,500)"
0,61,18,8723.46834268403,0.427314344050291,arable→grassland,"id_lulc_8_dist_[100,500)"
0,61,42,5667.75735934345,0.197744556230248,open_forest→grassland,"id_lulc_8_dist_[100,500)"
0,61,26,945.728331262204,0.274674529510101,perm_crops→grassland,"id_lulc_8_dist_[100,500)"
0,61,5,1077.29477635352,0.0146934676032393,alp_past→open_forest,"id_lulc_8_dist_[100,500)"
0,61,37,5095.5804376628,0.137667581548868,closed_forest→open_forest,"id_lulc_8_dist_[100,500)"
0,61,13,8016.05516180552,0.243405550909414,grassland→open_forest,"id_lulc_8_dist_[100,500)"
0,61,54,384.430869231766,0.00706533302508807,shrubland→open_forest,"id_lulc_8_dist_[100,500)"
0,61,6,943.659151912081,0.0197677213868553,alp_past→shrubland,"id_lulc_8_dist_[100,500)"
0,61,75,3357.14732077845,0.0593354012852433,static→shrubland,"id_lulc_8_dist_[100,500)"
0,61,23,97206.57424599,1,arable→urban,"id_lulc_8_dist_[100,500)"
0,61,15,103588.63620935,1,grassland→urban,"id_lulc_8_dist_[100,500)"
0,51,10,5733.29897310943,0.0703550746492382,grassland→arable,"id_lulc_8_dist_[500,1e+03]"
0,51,45,1798.62512386605,0.142603361879285,open_forest→closed_forest,"id_lulc_8_dist_[500,1e+03]"
0,51,53,1184.72941040689,0.0202709311868491,shrubland→closed_forest,"id_lulc_8_dist_[500,1e+03]"
0,51,18,7587.72426253509,0.371680539059772,arable→grassland,"id_lulc_8_dist_[500,1e+03]"
0,51,42,8103.11081149348,0.282712535119696,open_forest→grassland,"id_lulc_8_dist_[500,1e+03]"
0,51,26,1119.38462266378,0.325110747354539,perm_crops→grassland,"id_lulc_8_dist_[500,1e+03]"
0,51,5,2772.62237137981,0.037816424885845,alp_past→open_forest,"id_lulc_8_dist_[500,1e+03]"
0,51,37,11404.1685316009,0.308107058759592,closed_forest→open_forest,"id_lulc_8_dist_[500,1e+03]"
0,51,13,8965.58719793938,0.272237858534059,grassland→open_forest,"id_lulc_8_dist_[500,1e+03]"
0,51,54,1280.93071319051,0.0235418193363092,shrubland→open_forest,"id_lulc_8_dist_[500,1e+03]"
0,51,6,2080.45469091166,0.0435812534691016,alp_past→shrubland,"id_lulc_8_dist_[500,1e+03]"
0,51,75,2695.86666115946,0.0476476945653712,static→shrubland,"id_lulc_8_dist_[500,1e+03]"
0,51,23,34180.5303694292,0.351627764218213,arable→urban,"id_lulc_8_dist_[500,1e+03]"
0,51,15,28445.1427671954,0.274597135439726,grassland→urban,"id_lulc_8_dist_[500,1e+03]"
0,55,10,0,0,grassland→arable,"id_lulc_9_dist_[100,500)"
0,55,45,11.4051719336079,0.000904255055132257,open_forest→closed_forest,"id_lulc_9_dist_[100,500)"
0,55,53,117.07406815277,0.00200315815446348,shrubland→closed_forest,"id_lulc_9_dist_[100,500)"
0,55,18,0,0,arable→grassland,"id_lulc_9_dist_[100,500)"
0,55,42,0,0,open_forest→grassland,"id_lulc_9_dist_[100,500)"
0,55,26,0,0,perm_crops→grassland,"id_lulc_9_dist_[100,500)"
0,55,5,56.7796911300439,0.00077443107536935,alp_past→open_forest,"id_lulc_9_dist_[100,500)"
0,55,37,2.43634817869929,6.58229549461025e-05,closed_forest→open_forest,"id_lulc_9_dist_[100,500)"
0,55,13,0,0,grassland→open_forest,"id_lulc_9_dist_[100,500)"
0,55,54,87.2401408880359,0.00160335888156258,shrubland→open_forest,"id_lulc_9_dist_[100,500)"
0,55,6,235.738755488589,0.00493824282755071,alp_past→shrubland,"id_lulc_9_dist_[100,500)"
0,55,75,9993.59042454602,0.176630228423609,static→shrubland,"id_lulc_9_dist_[100,500)"
0,55,23,0,0,arable→urban,"id_lulc_9_dist_[100,500)"
0,55,15,0,0,grassland→urban,"id_lulc_9_dist_[100,500)"
0,45,10,0,0,grassland→arable,"id_lulc_9_dist_[500,1e+03]"
0,45,45,72.1068392784061,0.00571696545274978,open_forest→closed_forest,"id_lulc_9_dist_[500,1e+03]"
0,45,53,1013.31978661268,0.0173380819993686,shrubland→closed_forest,"id_lulc_9_dist_[500,1e+03]"
0,45,18,0,0,arable→grassland,"id_lulc_9_dist_[500,1e+03]"
0,45,42,0,0,open_forest→grassland,"id_lulc_9_dist_[500,1e+03]"
0,45,26,0,0,perm_crops→grassland,"id_lulc_9_dist_[500,1e+03]"
0,45,5,584.709149604015,0.00797498060475599,alp_past→open_forest,"id_lulc_9_dist_[500,1e+03]"
0,45,37,69.01461568887,0.00186457173027557,closed_forest→open_forest,"id_lulc_9_dist_[500,1e+03]"
0,45,13,0,0,grassland→open_forest,"id_lulc_9_dist_[500,1e+03]"
0,45,54,434.283064339107,0.00798155070856625,shrubland→open_forest,"id_lulc_9_dist_[500,1e+03]"
0,45,6,1677.38518833909,0.0351377751112132,alp_past→shrubland,"id_lulc_9_dist_[500,1e+03]"
0,45,75,10501.953629423,0.185615218320637,static→shrubland,"id_lulc_9_dist_[500,1e+03]"
0,45,23,0,0,arable→urban,"id_lulc_9_dist_[500,1e+03]"
0,45,15,0,0,grassland→urban,"id_lulc_9_dist_[500,1e+03]"
0,34,10,10371.778480434,0.127275282984334,grassland→arable,pr_yearly
0,34,45,3274.32582695794,0.259603774358901,open_forest→closed_forest,pr_yearly
0,34,53,3782.80913090742,0.0647245378666448,shrubland→closed_forest,pr_yearly
0,34,18,7172.84501256659,0.351357905034391,arable→grassland,pr_yearly
0,34,42,1969.25812076786,0.0687062004431259,open_forest→grassland,pr_yearly
0,34,26,1306.08554641521,0.37933560950082,perm_crops→grassland,pr_yearly
0,34,5,6369.28705244872,0.0868721495871957,alp_past→open_forest,pr_yearly
0,34,37,20899.4253396429,0.564640942767541,closed_forest→open_forest,pr_yearly
0,34,13,10882.1863115331,0.33043492101681,grassland→open_forest,pr_yearly
0,34,54,3283.94479437818,0.0603545798875429,shrubland→open_forest,pr_yearly
0,34,6,10350.904216332,0.216830187293664,alp_past→shrubland,pr_yearly
0,34,75,12103.7616082659,0.213926135335892,static→shrubland,pr_yearly
0,34,23,6366.26648762675,0.0654921391583695,arable→urban,pr_yearly
0,34,15,5764.82885934023,0.0556511705365989,grassland→urban,pr_yearly
0,4,10,21363.5280964507,0.262158422410287,grassland→arable,slope_mean_100m
0,4,45,5907.96262339756,0.468410743725605,open_forest→closed_forest,slope_mean_100m
0,4,53,6832.44768881361,0.116904396667353,shrubland→closed_forest,slope_mean_100m
0,4,18,8312.95162551308,0.407205406317205,arable→grassland,slope_mean_100m
0,4,42,6989.47611102469,0.243858507735518,open_forest→grassland,slope_mean_100m
0,4,26,1247.02740257588,0.362182937494939,perm_crops→grassland,slope_mean_100m
0,4,5,9799.99540381465,0.133664358296854,alp_past→open_forest,slope_mean_100m
0,4,37,24884.8392517896,0.67231509323353,closed_forest→open_forest,slope_mean_100m
0,4,13,32932.9184640854,1,grassland→open_forest,slope_mean_100m
0,4,54,5160.46402027314,0.094842531610627,shrubland→open_forest,slope_mean_100m
0,4,6,35912.7996122797,0.752299403358779,alp_past→shrubland,slope_mean_100m
0,4,75,29655.1967176355,0.52413636617702,static→shrubland,slope_mean_100m
0,4,23,7593.55176357817,0.0781176769419114,arable→urban,slope_mean_100m
0,4,15,14749.5675012324,0.142385960863737,grassland→urban,slope_mean_100m
0,10,10,6763.78331471476,0.0830004648719625,grassland→arable,soil_clay_0cm
0,10,45,4177.06789197587,0.331177362247354,open_forest→closed_forest,soil_clay_0cm
0,10,53,5565.27786448461,0.0952228953174349,shrubland→closed_forest,soil_clay_0cm
0,10,18,7217.05252487979,0.353523385939936,arable→grassland,soil_clay_0cm
0,10,42,1934.47697358333,0.0674927076841519,open_forest→grassland,soil_clay_0cm
0,10,26,1080.80388774179,0.313905473215496,perm_crops→grassland,soil_clay_0cm
0,10,5,7035.78103669464,0.0959626120866238,alp_past→open_forest,soil_clay_0cm
0,10,37,21815.6796992765,0.589395438024261,closed_forest→open_forest,soil_clay_0cm
0,10,13,14747.0592243479,0.447790840050513,grassland→open_forest,soil_clay_0cm
0,10,54,3919.50150924399,0.0720352751861058,shrubland→open_forest,soil_clay_0cm
0,10,6,13293.2711368333,0.278466731997877,alp_past→shrubland,soil_clay_0cm
0,10,75,4317.27467020057,0.076305029400845,static→shrubland,soil_clay_0cm
0,10,23,5628.9797994911,0.0579073981688364,arable→urban,soil_clay_0cm
0,10,15,7720.77098504277,0.0745329919146662,grassland→urban,soil_clay_0cm
0,11,10,6358.38513323759,0.0780256991298887,grassland→arable,soil_clay_100cm
0,11,45,4082.00558029141,0.323640380219058,open_forest→closed_forest,soil_clay_100cm
0,11,53,3565.8512148757,0.0610123492878109,shrubland→closed_forest,soil_clay_100cm
0,11,18,7332.42819417839,0.359175000241608,arable→grassland,soil_clay_100cm
0,11,42,1944.72458095579,0.0678502403807392,open_forest→grassland,soil_clay_100cm
0,11,26,1037.97151276344,0.301465365357804,perm_crops→grassland,soil_clay_100cm
0,11,5,8260.87591486541,0.112671958774656,alp_past→open_forest,soil_clay_100cm
0,11,37,23111.9309676812,0.624416331008689,closed_forest→open_forest,soil_clay_100cm
0,11,13,20756.124629066,0.630254638734838,grassland→open_forest,soil_clay_100cm
0,11,54,6683.33002231745,0.122830802892091,shrubland→open_forest,soil_clay_100cm
0,11,6,15469.5369347797,0.324055031407021,alp_past→shrubland,soil_clay_100cm
0,11,75,4257.93428554445,0.0752562265931161,static→shrubland,soil_clay_100cm
0,11,23,5758.32895992822,0.059238060847163,arable→urban,soil_clay_100cm
0,11,15,7614.04132090468,0.0735026697862583,grassland→urban,soil_clay_100cm
0,12,10,6248.27911283075,0.0766745542966284,grassland→arable,soil_clay_30cm
0,12,45,3961.18375957987,0.314061064555543,open_forest→closed_forest,soil_clay_30cm
0,12,53,5299.0820800496,0.0906682380420169,shrubland→closed_forest,soil_clay_30cm
0,12,18,6969.78261437157,0.341411004091172,arable→grassland,soil_clay_30cm
0,12,42,1845.19614121605,0.064377754545371,open_forest→grassland,soil_clay_30cm
0,12,26,1107.17399621559,0.321564329251356,perm_crops→grassland,soil_clay_30cm
0,12,5,6981.30557878189,0.0952196089703161,alp_past→open_forest,soil_clay_30cm
0,12,37,20107.2237272689,0.543237987518606,closed_forest→open_forest,soil_clay_30cm
0,12,13,18040.4219331665,0.547792991770235,grassland→open_forest,soil_clay_30cm
0,12,54,4163.45618992941,0.0765188408932925,shrubland→open_forest,soil_clay_30cm
0,12,6,11851.525090523,0.248265113016794,alp_past→shrubland,soil_clay_30cm
0,12,75,5111.58321953008,0.0903439177829722,static→shrubland,soil_clay_30cm
0,12,23,5364.10838405689,0.0551825679041268,arable→urban,soil_clay_30cm
0,12,15,7321.47697103073,0.070678379781294,grassland→urban,soil_clay_30cm
0,13,10,6398.4079755885,0.0785168317351271,grassland→arable,soil_clay_60cm
0,13,45,3962.2361329532,0.314144501609211,open_forest→closed_forest,soil_clay_60cm
0,13,53,3491.81294929409,0.0597455413790893,shrubland→closed_forest,soil_clay_60cm
0,13,18,6934.82945516929,0.339698842630813,arable→grassland,soil_clay_60cm
0,13,42,1786.81574438285,0.0623408985311849,open_forest→grassland,soil_clay_60cm
0,13,26,1170.24241315537,0.339881733073617,perm_crops→grassland,soil_clay_60cm
0,13,5,7906.38823064978,0.107837020911687,alp_past→open_forest,soil_clay_60cm
0,13,37,22735.5110931102,0.614246574213939,closed_forest→open_forest,soil_clay_60cm
0,13,13,17374.4538174682,0.527571033111314,grassland→open_forest,soil_clay_60cm
0,13,54,4354.13950761353,0.0800233491146516,shrubland→open_forest,soil_clay_60cm
0,13,6,14243.2739837495,0.298367340768012,alp_past→shrubland,soil_clay_60cm
0,13,75,4687.21670564298,0.0828435149148395,static→shrubland,soil_clay_60cm
0,13,23,5511.09123135382,0.0566946348444243,arable→urban,soil_clay_60cm
0,13,15,7213.88611759288,0.0696397441029516,grassland→urban,soil_clay_60cm
0,6,10,17906.9806265998,0.219742065543046,grassland→arable,soil_oc_0cm
0,6,45,4408.40110073112,0.349518534537838,open_forest→closed_forest,soil_oc_0cm
0,6,53,4253.33980139211,0.0727754014300144,shrubland→closed_forest,soil_oc_0cm
0,6,18,20414.639630392,1,arable→grassland,soil_oc_0cm
0,6,42,2293.95852647874,0.0800347971991657,open_forest→grassland,soil_oc_0cm
0,6,26,1247.97375419223,0.36245779304952,perm_crops→grassland,soil_oc_0cm
0,6,5,7522.76492906078,0.102604695760325,alp_past→open_forest,soil_oc_0cm
0,6,37,21366.1664067215,0.577250912269608,closed_forest→open_forest,soil_oc_0cm
0,6,13,13283.5050230379,0.403350375325042,grassland→open_forest,soil_oc_0cm
0,6,54,4920.48832129356,0.0904320943462958,shrubland→open_forest,soil_oc_0cm
0,6,6,8411.91564886359,0.176212358603772,alp_past→shrubland,soil_oc_0cm
0,6,75,11933.4470599979,0.21091593616958,static→shrubland,soil_oc_0cm
0,6,23,11227.4689804854,0.115501128062319,arable→urban,soil_oc_0cm
0,6,15,21718.0216371406,0.209656410508668,grassland→urban,soil_oc_0cm
0,7,10,7990.29105539287,0.0980513185005633,grassland→arable,soil_oc_100cm
0,7,45,3598.36411263712,0.285295036146754,open_forest→closed_forest,soil_oc_100cm
0,7,53,3317.57983636621,0.056764381789729,shrubland→closed_forest,soil_oc_100cm
0,7,18,9114.56801061724,0.446472148205255,arable→grassland,soil_oc_100cm
0,7,42,2379.66783739656,0.0830251421588531,open_forest→grassland,soil_oc_100cm
0,7,26,1073.53929583705,0.31179556670476,perm_crops→grassland,soil_oc_100cm
0,7,5,5721.55207954808,0.0780375454948822,alp_past→open_forest,soil_oc_100cm
0,7,37,16514.988386387,0.446186364492828,closed_forest→open_forest,soil_oc_100cm
0,7,13,10469.586939252,0.317906442171818,grassland→open_forest,soil_oc_100cm
0,7,54,2862.07284376998,0.0526011291021081,shrubland→open_forest,soil_oc_100cm
0,7,6,9172.78295445789,0.192150966181391,alp_past→shrubland,soil_oc_100cm
0,7,75,6173.44199889181,0.109111582934788,static→shrubland,soil_oc_100cm
0,7,23,8160.11611539251,0.0839461340828924,arable→urban,soil_oc_100cm
0,7,15,7585.37848711706,0.0732259711556315,grassland→urban,soil_oc_100cm
0,8,10,8156.11994369455,0.100086255780162,grassland→arable,soil_oc_30cm
0,8,45,3690.49919094404,0.292599933503762,open_forest→closed_forest,soil_oc_30cm
0,8,53,5623.25441310377,0.0962148843886831,shrubland→closed_forest,soil_oc_30cm
0,8,18,8862.35398086798,0.434117581369121,arable→grassland,soil_oc_30cm
0,8,42,2142.91220593135,0.0747648842983221,open_forest→grassland,soil_oc_30cm
0,8,26,1085.08882640729,0.315149978083353,perm_crops→grassland,soil_oc_30cm
0,8,5,6604.9766814346,0.0900867738515458,alp_past→open_forest,soil_oc_30cm
0,8,37,18066.9514402565,0.488115837080529,closed_forest→open_forest,soil_oc_30cm
0,8,13,11161.5529477569,0.338917820475855,grassland→open_forest,soil_oc_30cm
0,8,54,3822.90596306469,0.0702599762777197,shrubland→open_forest,soil_oc_30cm
0,8,6,8981.82555100973,0.188150800718605,alp_past→shrubland,soil_oc_30cm
0,8,75,5557.42475285425,0.0982238776899099,static→shrubland,soil_oc_30cm
0,8,23,6825.12087156013,0.0702125440023074,arable→urban,soil_oc_30cm
0,8,15,9039.08686926909,0.0872594446653525,grassland→urban,soil_oc_30cm
0,9,10,9294.08451064485,0.114050568897529,grassland→arable,soil_oc_60cm
0,9,45,3655.41957579558,0.289818658524767,open_forest→closed_forest,soil_oc_60cm
0,9,53,5462.7488304895,0.0934686052875662,shrubland→closed_forest,soil_oc_60cm
0,9,18,8576.49920875238,0.420115141096306,arable→grassland,soil_oc_60cm
0,9,42,2268.36100896595,0.079141715611469,open_forest→grassland,soil_oc_60cm
0,9,26,1049.71415830925,0.304875864476715,perm_crops→grassland,soil_oc_60cm
0,9,5,6252.82282427908,0.0852836675847681,alp_past→open_forest,soil_oc_60cm
0,9,37,16565.1239685587,0.447540880319152,closed_forest→open_forest,soil_oc_60cm
0,9,13,10518.9641617537,0.31940576943477,grassland→open_forest,soil_oc_60cm
0,9,54,4649.80916784667,0.0854573680297726,shrubland→open_forest,soil_oc_60cm
0,9,6,9404.64974670491,0.197008099330279,alp_past→shrubland,soil_oc_60cm
0,9,75,6753.41046208446,0.119362149325882,static→shrubland,soil_oc_60cm
0,9,23,7797.20902405778,0.0802127745426584,arable→urban,soil_oc_60cm
0,9,15,7483.49155742304,0.0722423986961186,grassland→urban,soil_oc_60cm
0,14,10,6207.79280455061,0.0761777343584599,grassland→arable,soil_sand_0cm
0,14,45,3625.94007509614,0.287481386655002,open_forest→closed_forest,soil_sand_0cm
0,14,53,4702.0843431709,0.0804535004515856,shrubland→closed_forest,soil_sand_0cm
0,14,18,6818.70354854135,0.334010478362307,arable→grassland,soil_sand_0cm
0,14,42,1703.45220812757,0.0594323962017037,open_forest→grassland,soil_sand_0cm
0,14,26,981.649422912116,0.285107344751303,perm_crops→grassland,soil_sand_0cm
0,14,5,8105.3545957548,0.110550768257331,alp_past→open_forest,soil_sand_0cm
0,14,37,19504.1191630862,0.526943877791981,closed_forest→open_forest,soil_sand_0cm
0,14,13,11371.2423293925,0.345284987171521,grassland→open_forest,soil_sand_0cm
0,14,54,4116.53248642751,0.0756564450282727,shrubland→open_forest,soil_sand_0cm
0,14,6,9814.26591589915,0.205588716910022,alp_past→shrubland,soil_sand_0cm
0,14,75,6130.11717658352,0.108345844803083,static→shrubland,soil_sand_0cm
0,14,23,5850.75413191654,0.060188872792808,arable→urban,soil_sand_0cm
0,14,15,7932.63056067658,0.0765781928496958,grassland→urban,soil_sand_0cm
0,15,10,6254.26380653735,0.0767479943133545,grassland→arable,soil_sand_100cm
0,15,45,3640.28759886276,0.28861892504286,open_forest→closed_forest,soil_sand_100cm
0,15,53,5323.29769821785,0.0910825715811556,shrubland→closed_forest,soil_sand_100cm
0,15,18,7018.86582625688,0.343815318483881,arable→grassland,soil_sand_100cm
0,15,42,1813.13728298338,0.0632592407677804,open_forest→grassland,soil_sand_100cm
0,15,26,967.779313128209,0.281078951233618,perm_crops→grassland,soil_sand_100cm
0,15,5,9317.10552438788,0.127078113793463,alp_past→open_forest,soil_sand_100cm
0,15,37,20050.2322324883,0.541698245118052,closed_forest→open_forest,soil_sand_100cm
0,15,13,12074.15274011,0.366628689567168,grassland→open_forest,soil_sand_100cm
0,15,54,4902.68341037468,0.0901048635352652,shrubland→open_forest,soil_sand_100cm
0,15,6,9393.76524225896,0.196780091313946,alp_past→shrubland,soil_sand_100cm
0,15,75,4789.86293203587,0.0846577203849841,static→shrubland,soil_sand_100cm
0,15,23,5788.1491053291,0.0595448317176745,arable→urban,soil_sand_100cm
0,15,15,7739.1145333526,0.0747100726156106,grassland→urban,soil_sand_100cm
0,16,10,6174.42236105398,0.0757682353851297,grassland→arable,soil_sand_30cm
0,16,45,3494.40460031554,0.27705264268762,open_forest→closed_forest,soil_sand_30cm
0,16,53,4765.96091981934,0.0815464400530828,shrubland→closed_forest,soil_sand_30cm
0,16,18,6732.11925190598,0.329769193764441,arable→grassland,soil_sand_30cm
0,16,42,1801.78435338469,0.0628631440609046,open_forest→grassland,soil_sand_30cm
0,16,26,963.282017943382,0.279772770168584,perm_crops→grassland,soil_sand_30cm
0,16,5,7727.72196980852,0.105400151288733,alp_past→open_forest,soil_sand_30cm
0,16,37,18660.4520061861,0.504150475049444,closed_forest→open_forest,soil_sand_30cm
0,16,13,10821.0277698014,0.328577856882079,grassland→open_forest,soil_sand_30cm
0,16,54,3674.82516688707,0.0675384462879303,shrubland→open_forest,soil_sand_30cm
0,16,6,9191.04236661213,0.192533463369514,alp_past→shrubland,soil_sand_30cm
0,16,75,5898.62685419569,0.104254403510793,static→shrubland,soil_sand_30cm
0,16,23,5718.31960648127,0.0588264698230239,arable→urban,soil_sand_30cm
0,16,15,7770.09654813775,0.0750091596189624,grassland→urban,soil_sand_30cm
0,17,10,6137.56691004417,0.0753159708129893,grassland→arable,soil_sand_60cm
0,17,45,3506.57124355964,0.278017270728434,open_forest→closed_forest,soil_sand_60cm
0,17,53,5147.27408051226,0.0880707761361986,shrubland→closed_forest,soil_sand_60cm
0,17,18,6722.93612676085,0.329319363382353,arable→grassland,soil_sand_60cm
0,17,42,1806.95500347579,0.0630435448513515,open_forest→grassland,soil_sand_60cm
0,17,26,981.590602913773,0.285090261245568,perm_crops→grassland,soil_sand_60cm
0,17,5,8426.35278999417,0.114928935376751,alp_past→open_forest,soil_sand_60cm
0,17,37,19717.1083746415,0.532698219227571,closed_forest→open_forest,soil_sand_60cm
0,17,13,14659.8134921438,0.445141644768922,grassland→open_forest,soil_sand_60cm
0,17,54,4763.07689725478,0.0875390797062127,shrubland→open_forest,soil_sand_60cm
0,17,6,8906.09476865706,0.18656439634482,alp_past→shrubland,soil_sand_60cm
0,17,75,5187.96812136652,0.0916939713759578,static→shrubland,soil_sand_60cm
0,17,23,5317.34286376299,0.0547014736915527,arable→urban,soil_sand_60cm
0,17,15,7601.5180606455,0.0733817756349551,grassland→urban,soil_sand_60cm
0,39,10,13389.7942329754,0.164310282302967,grassland→arable,tas_yearly
0,39,45,3264.342866307,0.258812278826318,open_forest→closed_forest,tas_yearly
0,39,53,8240.29965563617,0.140992994527795,shrubland→closed_forest,tas_yearly
0,39,18,6151.7706705856,0.301341134693715,arable→grassland,tas_yearly
0,39,42,7591.32273572112,0.264856565022335,open_forest→grassland,tas_yearly
0,39,26,1242.20553461584,0.360782488476442,perm_crops→grassland,tas_yearly
0,39,5,10553.6523117166,0.14394365566586,alp_past→open_forest,tas_yearly
0,39,37,22819.4409023699,0.61651411056274,closed_forest→open_forest,tas_yearly
0,39,13,9207.98017623946,0.279598061929468,grassland→open_forest,tas_yearly
0,39,54,4081.7701397154,0.0750175588827729,shrubland→open_forest,tas_yearly
0,39,6,12785.9202556862,0.267838772905264,alp_past→shrubland,tas_yearly
0,39,75,22752.1488742992,0.402129473199616,static→shrubland,tas_yearly
0,39,23,6069.42102764757,0.0624383800656152,arable→urban,tas_yearly
0,39,15,9376.76987793773,0.0905192907355931,grassland→urban,tas_yearly
0,40,10,8329.73532667806,0.102216743530295,grassland→arable,tasmax_yearly
0,40,45,2905.11953993404,0.230331383432098,open_forest→closed_forest,tasmax_yearly
0,40,53,18566.352304138,0.317673594191199,shrubland→closed_forest,tasmax_yearly
0,40,18,5707.54026810998,0.279580750453854,arable→grassland,tasmax_yearly
0,40,42,10890.9768885576,0.379979461927988,open_forest→grassland,tasmax_yearly
0,40,26,1611.74617722188,0.468110775879235,perm_crops→grassland,tasmax_yearly
0,40,5,14973.6478068452,0.20422897593258,alp_past→open_forest,tasmax_yearly
0,40,37,18840.6682429943,0.509019387194141,closed_forest→open_forest,tasmax_yearly
0,40,13,9246.00341591795,0.280752628285922,grassland→open_forest,tasmax_yearly
0,40,54,8773.16843090985,0.161239280220751,shrubland→open_forest,tasmax_yearly
0,40,6,13098.4756699051,0.274386166986817,alp_past→shrubland,tasmax_yearly
0,40,75,27919.8266832137,0.49346482646427,static→shrubland,tasmax_yearly
0,40,23,8012.5161661191,0.0824277187862079,arable→urban,tasmax_yearly
0,40,15,14860.3043923682,0.143454967032637,grassland→urban,tasmax_yearly
0,41,10,8438.09690528622,0.10354648178184,grassland→arable,tasmin_yearly
0,41,45,3182.08397095267,0.252290411169543,open_forest→closed_forest,tasmin_yearly
0,41,53,4087.20248290688,0.0699327623252545,shrubland→closed_forest,tasmin_yearly
0,41,18,5610.45681614356,0.274825170452241,arable→grassland,tasmin_yearly
0,41,42,5221.12458979797,0.182161814554467,open_forest→grassland,tasmin_yearly
0,41,26,618.653836336401,0.179679983995538,perm_crops→grassland,tasmin_yearly
0,41,5,7645.54814514928,0.104279363871057,alp_past→open_forest,tasmin_yearly
0,41,37,24159.5207092314,0.652719121620854,closed_forest→open_forest,tasmin_yearly
0,41,13,8792.43596715556,0.266980163836498,grassland→open_forest,tasmin_yearly
0,41,54,4452.72026278334,0.0818351335494741,shrubland→open_forest,tasmin_yearly
0,41,6,11480.6457724426,0.240495952920052,alp_past→shrubland,tasmin_yearly
0,41,75,22596.3809219081,0.399376375679796,static→shrubland,tasmin_yearly
0,41,23,5714.77244175191,0.0587899788268452,arable→urban,tasmin_yearly
0,41,15,7240.81239366842,0.0698996787546747,grassland→urban,tasmin_yearly
