potentials,stage,fom_median,fom_q05,fom_q95,brier_realised,distance_to_truth,brier_expected,n_grid,skill_realised,skill_expected
estimated,raw potentials,,,,0.13072693675834,0.0122003625912344,0.160265133370276,30,0.0501173646247214,0.0515586112797193
estimated,adjusted potentials,,,,0.131552933919724,0.0125143647748299,0.160579135553872,30,0.04411553837587,0.0497003613858861
oracle,raw potentials,,,,0.124538100763017,0.00324252459525621,0.151307295374298,30,0.0950864275502127,0.10457066780238
oracle,adjusted potentials,,,,0.124175911100731,0.00396100425831309,0.152025775037355,30,0.0977181550231388,0.100318739544082
"oracle, all four transitions",truth,,,,0.123671388360928,0,0.148064770779042,30,0.101384097189114,0.1237597731643
none,random allocation,,,,0.137624304192794,0.0209126012297017,0.168977372008744,30,0,0
none,persistence,,,,0.147174770039422,0.0338726888657468,0.181937459644789,30,-0.0693951980549084,-0.076697178338023
estimated,"ensemble, uPAM (estimated patches)",0.0606060606060606,0.0294117647058824,0.105263157894737,0.134393342093736,0.0147700202286686,0.16283479100771,30,0.0234766825380743,0.0363515003696194
estimated,"ensemble, uSAM (single cells)",0.0891089108910891,0.0515463917525773,0.126451612903226,0.128632713468456,0.0123515503595408,0.160416321138583,30,0.0653343228659812,0.0506638893029889
oracle,"ensemble, uPAM (estimated patches)",0.0725408075601375,0.04,0.119969935245143,0.123587252286332,0.00629034481539635,0.154355115594438,30,0.101995443237972,0.0865338136135101
oracle,"ensemble, uSAM (single cells)",0.09,0.0531360815602837,0.130021739130435,0.123052602237885,0.00398734099050485,0.152052111769547,30,0.105880295202046,0.100162880023493
estimated,raw potentials,,,,0.143352616256022,0.0146546317594071,0.137061734846743,90,0.0958485489420154,0.0805374797188769
estimated,adjusted potentials,,,,0.142268142558744,0.0136836979823728,0.136090801069709,90,0.102688525027816,0.0870508747131565
oracle,raw potentials,,,,0.128211749399584,0,0.122407103087336,90,0.191344795163814,0.178846352478753
oracle,adjusted potentials,,,,0.127989644593958,0.000353755526419384,0.122760858613755,90,0.19274565123145,0.176473225155881
"oracle, all four transitions",truth,,,,0.128211749399584,0,0.122407103087336,90,0.191344795163814,0.178846352478753
none,random allocation,,,,0.158549340476399,0.0266601311103526,0.149067234197689,90,0,0
none,persistence,,,,0.171377299237326,0.0376122556289079,0.160019358716244,90,-0.0809083072965362,-0.0734710386055122
estimated,"ensemble, uPAM (estimated patches)",0.0968993157894243,0.0830665075428012,0.1096325606931,0.14211285881093,0.013958465763692,0.136365568851028,90,0.103667928331216,0.0852076273838691
estimated,"ensemble, uSAM (single cells)",0.115062430851905,0.103174372417162,0.130939221610094,0.143067885373852,0.0137538170706243,0.13616092015796,90,0.0976443992515435,0.0865804890604754
oracle,"ensemble, uPAM (estimated patches)",0.10953547851471,0.0940333991673389,0.121255694746946,0.131926261266773,0.00295350435487304,0.125360607442209,90,0.167916682148476,0.159033116050443
oracle,"ensemble, uSAM (single cells)",0.140377977617001,0.125759481608538,0.156522524463824,0.128904236019534,0.000307400573509575,0.122714503660846,90,0.186977154037907,0.176784191902929
